,Recency,Frequency,Monetary,Avg_Order_Value,Cluster
0,-0.6435784743302558,0.04445127631314999,-0.17988671972425718,-0.3490568104379968,0
1,-0.7450014661822807,-0.22458180044732304,-0.155254870355434,-0.10387640441982302,1
2,-0.9166403754703227,0.9188087757846873,0.8707159740011317,2.2708489788081128,2
3,-0.8620279952423093,-0.49361487720779607,-0.22041606073307013,-0.1444755696913601,1
4,-0.627974937122252,-0.2918400696374413,-0.20895264504143746,-0.3481819532209816,1
5,-0.8854333010543151,2.9365568514882354,1.9684805401345522,1.0926967591153889,3
6,-0.6123713999142483,0.4480008914538595,0.29352450314369494,-0.19621073388716606,0
7,-0.3861201103981929,-0.35909833882755954,-0.2084929420030778,-0.22661073516347158,1
8,0.5266868162700304,-0.42635660801767783,-0.20424126066819923,-0.3333323039792147,1
9,-0.6981908545582692,-0.35909833882755954,-0.1919087546552896,0.6946610236151919,1
10,-0.7684067719942864,0.5152591606439778,0.07907360751886512,-0.07658237869687565,0
11,-0.8776315324503131,-0.5608731463979143,-0.22706345815094245,-0.10228945479936269,1
12,-0.4797413336462158,0.17896781469338652,-0.13936995765430482,-0.1683283436553487,4
13,0.5812991964980438,-0.35909833882755954,-0.17747613762261003,-0.3416210952208825,1
14,0.027373625613908305,-0.2918400696374413,-0.17583115548161413,-0.012382357957299023,1
15,-0.9010368382623188,-0.09006526206708652,-0.17228561003277307,-0.26336706960745476,4
16,-0.8854333010543151,-0.15732353125720477,-0.13446417149867568,-0.2682202148212322,1
17,2.531741347498521,-0.35909833882755954,-0.19304772039212098,-0.12791963478166313,4
18,-0.9166403754703227,11.747390115393726,5.70137841967504,0.05730097545231356,3
19,-0.9166403754703227,2.600265505537644,0.17118117201567257,-0.31740066995372496,3
20,-0.36271480458618716,0.04445127631314999,-0.06737554462562859,-0.15070438556284763,0
21,-0.8542262266383074,0.04445127631314999,0.012176523578467888,0.14005988594528695,2
22,0.3706514441899923,-0.2918400696374413,-0.206036618305574,-0.165589794503872,4
23,1.6189344208302978,-0.35909833882755954,0.49130716123834983,6.868593163029813,1
24,-0.4173271848142005,-0.42635660801767783,-0.19975458188460696,-0.20140750952507314,1
25,0.9401805522821316,-0.42635660801767783,-0.20918649895025476,-0.21082098997696816,4
26,-0.0662475976341146,0.17896781469338652,0.09629245950916483,-0.0926049369675399,0
27,-0.6045696313102463,-0.022806992876968267,0.01790108429993162,-0.27161233379808924,4
28,-0.4251289534182024,-0.22458180044732304,-0.17544578253652157,-0.10716841480649157,0
29,-0.8854333010543151,0.7170339682143325,-0.03605284332286925,-0.2999013506323995,0
30,-0.7996138464102941,0.11170954550326825,-0.1319981277120523,-0.18772476470000451,2
31,-0.4251289534182024,-0.49361487720779607,-0.24050348255353202,-0.2524887335304893,1
32,-0.7918120778062921,-0.09006526206708652,-0.1274491260041053,-0.24077313241018375,1
33,0.737334568578082,-0.22458180044732304,-0.1851601539565844,-0.14227905916901432,0
34,-0.8074156150142959,0.11170954550326825,0.45335878977575017,-0.11495165747922526,0
35,-0.24568827552615852,-0.35909833882755954,-0.24215132354426896,0.33157618103332476,1
36,-0.4173271848142005,0.11170954550326825,-0.06263099759539426,-0.059927564428648696,0
37,1.8295821731383493,-0.35909833882755954,-0.21574755910594756,-0.18858716274654924,4
38,-0.5811643254982406,0.6497756990242143,0.7305219850900392,2.375809285284228,0
39,2.7579926370145764,-0.49361487720779607,-0.22612346835608763,0.2280623329712202,1
40,0.3784532127939942,0.11170954550326825,-0.039996340655663425,-0.247101035884833,0
41,2.4459218928545,-0.42635660801767783,-0.16414932366976578,0.1041808563351097,4
42,-0.02723875461410506,-0.2918400696374413,-0.19301227065533205,1.9248203466324891,4
43,-0.40172364760619667,-0.15732353125720477,-0.17779518525371038,-0.3132807675053455,1
44,0.23021960931795793,-0.2918400696374413,0.250634324018729,-0.06339218433743313,1
45,-0.9088386068663208,-0.42635660801767783,-0.19439595392999667,0.4762347452804878,1
46,0.994792932510145,0.11170954550326825,0.24170899512719393,-0.3003665299934432,0
47,-0.7684067719942864,0.7842922374044509,0.011178213248895804,-0.1713314277849612,2
48,-0.8074156150142959,-0.15732353125720477,-0.16323334821273575,-0.17192671028543646,1
49,1.9856175452183875,-0.49361487720779607,-0.24482148920240276,-0.305598850365105,1
50,1.3926831313142423,-0.49361487720779607,-0.2298239634608932,-0.3534338926576845,1
51,-0.8308209208263017,1.5241331984957516,1.0170690687943262,0.043934617267260515,2
52,2.7267855625985686,-0.22458180044732304,-0.0686294361220499,2.906294672782168,0
53,0.24582314652596177,-0.09006526206708652,-0.09658727127960205,-0.14848890999492395,4
54,-0.04284229182210888,-0.09006526206708652,-0.13949974943254814,-0.3397121329987745,1
55,-0.8854333010543151,-0.49361487720779607,-0.22675584591880626,-0.19912140972268708,1
56,-0.08185113484211842,-0.42635660801767783,-0.16829922995386323,-0.33199353297932394,1
57,-0.627974937122252,1.4568749293056333,0.0951226181951302,-0.15405928873174068,2
58,-0.7762085405982884,-0.15732353125720477,-0.10856127753498496,0.134572194742607,4
59,-0.8308209208263017,-0.09006526206708652,-0.15420681604036776,-0.17195497568068213,2
60,-0.8620279952423093,1.7259080060661065,0.30899088024273547,-0.34100808083151496,2
61,-0.8230191522222998,0.9188087757846873,-0.04261333170861386,-0.26681700419281734,0
62,-0.37051657319018905,-0.22458180044732304,-0.042353176382178975,-0.1597548542078555,1
63,-0.7762085405982884,-0.2918400696374413,-0.18040016913774845,-0.14891530981072593,4
64,-0.3861201103981929,-0.09006526206708652,-0.04824526569846782,-0.2647334210480661,1
65,-0.8620279952423093,3.071073389868472,2.227847967580799,1.4109607019183965,3
66,-0.8854333010543151,2.600265505537644,0.8729527380385234,-0.19446300347633239,3
67,1.509709660374271,-0.35909833882755954,-0.19214946980348538,-0.19686052503292323,1
68,1.8217804045343473,-0.42635660801767783,-0.13221654383226797,0.20690520583659242,1
69,-0.9088386068663208,-0.42635660801767783,-0.1543629092362287,-0.16999900096751822,1
70,1.1352247673821794,0.24622608388350475,0.0198033629176214,-0.15291269945927508,2
71,-0.7840103092022902,-0.49361487720779607,-0.2326639447936449,-0.31243924918542304,1
72,0.14440015467393694,-0.35909833882755954,-0.1905067747422823,-0.18864635383725872,1
73,1.6501414952463054,-0.35909833882755954,-0.14946798670961556,-0.2281575030171261,4
74,-0.7450014661822807,-0.2918400696374413,-0.2359567679253778,0.1285328032057564,1
75,1.6189344208302978,-0.42635660801767783,-0.21327865646958313,-0.14198880763296434,1
76,0.34724613837798657,-0.22458180044732304,-0.09772223462679597,0.12534670145536358,0
77,-0.1364635150701318,-0.49361487720779607,-0.23251642814700713,-0.28410435569515147,1
78,-0.6825873173502655,1.1205835833550422,0.7841419990630863,-0.04898765205946589,2
79,-0.40172364760619667,0.3807426222637413,0.21981706735018602,-0.1883291889682301,1
80,-0.3939218790021948,-0.22458180044732304,-0.20995610130054343,-0.20705394408209618,0
81,-0.9166403754703227,0.04445127631314999,-0.1636856182417687,-0.20166474351873787,0
82,3.085666918382657,-0.49361487720779607,-0.23154441923505265,-0.3498649365808744,1
83,-0.7450014661822807,0.24622608388350475,0.08785485038345162,-0.14376853500728523,4
84,-0.19107589529814514,-0.42635660801767783,-0.23641418388394464,-0.14833423161509746,1
85,-0.4485342592302081,-0.022806992876968267,-0.17696497528891164,-0.1874276684356382,1
86,3.30411643929471,-0.22458180044732304,-0.21796602650499664,-0.2536173160957949,0
87,0.7763434115980916,-0.35909833882755954,-0.22554712424829343,-0.17224335042755684,4
88,0.7997487174100973,-0.2918400696374413,0.05990845062486365,0.4106817559132805,1
89,-0.8308209208263017,0.5152591606439778,0.10486100395301774,-0.3554872897102035,2
90,-0.7528032347862826,1.389616660115515,0.07266921232898144,-0.12582483652954532,2
91,-0.4797413336462158,-0.15732353125720477,-0.13219024241465038,0.06345624985569136,4
92,-0.5655607882902368,0.04445127631314999,-0.03870299703281575,-0.15796936660240254,4
93,-0.5187501766662254,0.24622608388350475,-0.01583277087442304,-0.07441255397015158,4
94,0.21461607210995412,-0.022806992876968267,-0.05513909596401797,-0.2514250914316116,4
95,-0.9088386068663208,-0.35909833882755954,-0.15902111900428356,-0.1221447101378079,1
96,-0.8464244580343055,-0.22458180044732304,-0.120774283628719,-0.18470519781969513,4
97,-0.8308209208263017,-0.35909833882755954,-0.23298699481438273,-0.08015843052852754,1
98,0.23021960931795793,-0.15732353125720477,-0.20076947354267707,-0.19203624863725938,1
99,-0.8542262266383074,0.9860670449748056,0.504224587908277,0.21061567424702696,0
100,0.5734974278940419,-0.22458180044732304,0.32049946576027666,-0.10985896121012903,3
101,-0.8464244580343055,-0.22458180044732304,-0.16293774314951193,-0.17611687718053487,4
102,-0.7293979289742769,0.04445127631314999,-0.039573802663937334,-0.14337508470337915,4
103,-0.7684067719942864,-0.35909833882755954,-0.1829519784166031,-0.18283717413007153,1
104,0.34724613837798657,-0.35909833882755954,-0.17994275317918162,-0.1851956374544889,4
105,-0.6045696313102463,-0.2918400696374413,-0.19864020225554857,-0.19429603858337832,4
106,-0.9166403754703227,-0.35909833882755954,-0.10824680406347023,0.01906025349370742,1
107,-0.8464244580343055,0.11170954550326825,-0.19837318568973517,-0.07237075847707904,1
108,2.087040537070412,-0.49361487720779607,-0.23880303872755984,-0.12118374088457452,1
109,-0.9166403754703227,1.7259080060661065,0.20499907737241388,-0.2868479115817595,0
110,1.4707008173542615,-0.49361487720779607,-0.22404565636429788,-0.3474622359320362,4
111,1.6189344208302978,-0.15732353125720477,-0.19821194656434035,-0.17887342015570748,4
112,-0.30030065575417186,-0.2918400696374413,-0.23766750361041772,0.5125416911087665,1
113,-0.8464244580343055,0.582517429834096,0.11190578148489497,0.08887975279448829,0
114,-0.8542262266383074,-0.15732353125720477,-0.08946358949487206,-0.2586983010707585,0
115,-0.9166403754703227,1.3223583909253969,0.22872124075363734,-0.29494307988203117,0
116,-0.7840103092022902,0.04445127631314999,0.01418858202621371,-0.22442949117133348,4
117,-0.9088386068663208,-0.35909833882755954,-0.047103441111895385,-0.034891397428554655,1
118,-0.47193956504221385,-0.42635660801767783,-0.19842407321512573,-0.19021883126564784,1
119,-0.3549130359821852,-0.35909833882755954,-0.22134804574865005,-0.36754190647151613,4
120,-0.5109484080622234,-0.22458180044732304,-0.15201179120919525,-0.1902746280518625,1
121,1.8763927847623607,0.04445127631314999,-0.10456860798664482,-0.04457264634358271,4
122,0.9245770150741278,-0.42635660801767783,-0.22482783765344713,-0.30098328302975935,1
123,-0.9010368382623188,-0.42635660801767783,-0.20826366225384618,-0.18446943272274002,1
124,0.7919469488060954,0.04445127631314999,-0.09410521793442883,-0.2797932831388623,0
125,0.9713876266981393,-0.2918400696374413,-0.1064463004965616,0.2638195321680467,1
126,2.9218297776986164,-0.42635660801767783,-0.06652017678310863,0.22885121194500235,2
127,-0.627974937122252,0.17896781469338652,0.036751767722418456,0.16101944156647638,4
128,-0.7918120778062921,0.6497756990242143,0.05091050694990612,-0.0706222936116769,0
129,1.0181982383221508,-0.22458180044732304,-0.1742199077675625,-0.29820201797768653,4
130,-0.7996138464102941,1.9276828136364612,1.4154497802086148,0.16469943623458386,3
131,0.2068143035059522,-0.49361487720779607,-0.23270682753976055,-0.3023430931284215,1
132,1.0572070813421603,-0.42635660801767783,-0.22565290168871202,-0.17297520351235204,4
133,1.8139786359303454,-0.42635660801767783,-0.10247821705599446,-0.16313672447513217,1
134,-0.9010368382623188,0.11170954550326825,-0.07284967010977698,-0.18999291259495113,4
135,2.1572564545064297,-0.22458180044732304,-0.14288691460573544,0.15522688373976162,1
136,-0.3939218790021948,-0.49361487720779607,-0.19729940172699956,-0.15943987740626125,1
137,-0.7918120778062921,0.04445127631314999,-0.0759629574777724,-0.10237562839071172,2
138,3.397737662542733,-0.09006526206708652,-0.16331797016507058,-0.32412622708560496,3
139,1.938806933594376,-0.42635660801767783,-0.1932152489869461,-0.2057660255213893,1
140,-0.9010368382623188,-0.5608731463979143,-0.24288204553807943,1.0193005027966906,1
141,-0.9166403754703227,-0.09006526206708652,-0.1245108002402617,0.19538410937973352,1
142,-0.09745467205012225,-0.42635660801767783,-0.20428814580395233,-0.19137548814175162,1
143,-0.7918120778062921,0.7842922374044509,0.11405106233057331,0.05501104224825171,2
144,1.4550972801462576,-0.42635660801767783,-0.15397582098129153,-0.10389475436691817,4
145,-0.7293979289742769,0.31348435307362305,-0.014569731058830403,-0.30053354453435294,2
146,-0.20667943250614895,-0.42635660801767783,-0.2075866866351673,-0.1581245198349401,1
147,0.3004355267539751,0.04445127631314999,-0.12001897552713554,1.3772672319847004,0
148,0.08198600584192167,-0.42635660801767783,-0.1969351842699907,-0.15361123583643024,1
149,1.501907891770269,-0.49361487720779607,-0.22986112850752677,-0.2744444504756857,4
150,1.579925577810288,-0.42635660801767783,-0.2147635430250807,-0.3315795307710553,1
151,-0.24568827552615852,-0.42635660801767783,-0.21051472053994316,-0.1621877055256483,1
152,0.07418423723791975,-0.35909833882755954,-0.1943496405641918,-0.14299919848136503,4
153,-0.7450014661822807,0.582517429834096,0.19777476407679917,-0.11830831666378896,0
154,0.10539131165392739,-0.22458180044732304,-0.111100507874979,1.8483219194582874,4
155,0.5969027337060476,-0.15732353125720477,-0.1940208728439719,-0.1999925820945774,1
156,0.16780546048594266,-0.022806992876968267,-0.1251071562962432,-0.29577360582101553,4
157,0.5110832790620267,-0.35909833882755954,-0.1863734497866829,-0.29441136152420494,4
158,-0.12085997786212797,-0.35909833882755954,-0.2147904162126465,-0.2813253973610289,4
159,0.22241784071395604,-0.22458180044732304,-0.19151423339102572,-0.1313616281045918,4
160,2.048031694050403,-0.22458180044732304,-0.1934250885579386,-0.045138451246904555,4
161,1.603330883622294,-0.5608731463979143,-0.24888562999426894,-0.3201488808833578,1
162,-0.5031466394582215,0.5152591606439778,-0.059187227197334324,-0.3429622033699489,0
163,1.509709660374271,-0.42635660801767783,-0.22902348553340124,-0.23700926646105383,4
164,-0.893235069658317,0.7170339682143325,0.08010164988574407,-0.3262130134977833,0
165,-0.5733625568942387,-0.35909833882755954,-0.1870447077058797,-0.14090451885265692,1
166,-0.058445829030112695,-0.42635660801767783,-0.23485839785486923,-0.2698690559722704,4
167,-0.9088386068663208,0.582517429834096,0.2171914997480125,1.513431881799932,2
168,-0.6045696313102463,0.04445127631314999,0.05669052935634604,-0.13363995139224621,1
169,0.06638246863391785,-0.22458180044732304,-0.1747968236453049,-0.3039514352147844,1
170,-0.8854333010543151,0.24622608388350475,-0.11831167046178488,-0.25177128564923323,2
171,1.3926831313142423,-0.42635660801767783,-0.2153078680157752,0.10775440923564124,1
172,-0.627974937122252,-0.22458180044732304,-0.022796357073654645,9.184671082380252,0
173,1.5721238092062864,-0.42635660801767783,-0.17537888545258118,-0.08207139367894126,1
174,-0.2378865069221566,-0.35909833882755954,-0.23181143580086602,-0.29872932127458135,4
175,-0.627974937122252,0.11170954550326825,-0.16151403597847272,0.3851089265412321,0
176,-0.7840103092022902,-0.42635660801767783,-0.20343563681117344,-0.11392368948405616,1
177,-0.8620279952423093,-0.42635660801767783,-0.07314527517300079,-0.0631437892981288,1
178,-0.7450014661822807,0.04445127631314999,-0.0893801110824336,-0.14226954217331492,0
179,-0.6435784743302558,-0.2918400696374413,-0.2042875740340041,-0.046232683143491736,1
180,-0.7996138464102941,-0.15732353125720477,-0.11361915449683753,0.00874160979743574,0
181,-0.893235069658317,0.04445127631314999,0.19991375545304732,-0.19898840238296855,2
182,1.3848813627102405,-0.35909833882755954,-0.17707361157907123,-0.1621398218947625,4
183,1.080612387154166,0.17896781469338652,-0.04992741288609727,-0.2980929829111305,0
184,-0.6201731685182501,-0.2918400696374413,-0.09545230793240811,0.06111360993977377,4
185,-0.4173271848142005,0.24622608388350475,-0.07679488275241579,-0.24322946444379734,0
186,-0.19887766390214706,0.11170954550326825,-0.04256644657286075,-0.30131402277441555,2
187,-0.1442652836741337,-0.2918400696374413,-0.214073416697593,-0.36266857911908684,4
188,-0.7996138464102941,-0.35909833882755954,-0.21926337251748176,-0.19724572218270853,4
189,1.7905733301183397,-0.15732353125720477,-0.07401379372432954,-0.21776865463916892,0
190,-0.8152173836182979,0.582517429834096,0.06185532729851368,-0.31513422972594973,2
191,-0.8308209208263017,0.24622608388350475,-0.10465951940840998,-0.27365217048818136,4
192,-0.7840103092022902,1.1878418525451604,0.4103022255958556,2.1638703767621426,0
193,1.8451857103463531,-0.5608731463979143,-0.2289851769468713,-0.1960305536647113,1
194,-0.8854333010543151,0.24622608388350475,-0.050205293080926625,-0.2889891635756599,0
195,-0.3549130359821852,-0.42635660801767783,-0.195759625256474,0.18926727261869264,4
196,-0.33930949877418143,-0.022806992876968267,0.7828126339335015,0.4133389892518148,4
197,-0.5655607882902368,-0.42635660801767783,-0.22960268849093649,0.838034998889193,1
198,-0.45633602783421007,-0.49361487720779607,-0.198013542392312,-0.14426431029863956,1
199,0.3784532127939942,-0.22458180044732304,-0.1733085064701181,-0.044059820497787096,4
200,-0.5109484080622234,-0.35909833882755954,-0.22368486952697827,-0.19678894064513194,1
201,-0.8620279952423093,-0.42635660801767783,-0.22977364770545086,-0.10356487236345753,4
202,-0.003833448802099333,0.6497756990242143,-0.12362284151069385,-0.29991323924063956,3
203,-0.7293979289742769,-0.15732353125720477,-0.053259116374308337,-0.0068224899275989275,1
204,-0.6903890859542673,0.6497756990242143,0.19189468192942277,-0.11240232347254735,4
205,-0.7293979289742769,2.1967158903969346,1.4131872865235537,-0.004458995577779943,3
206,-0.8308209208263017,-0.49361487720779607,-0.2422210794779504,-0.2025908583437314,4
207,-0.5889660941022425,-0.022806992876968267,-0.21863842796408986,-0.15425761709085659,2
208,-0.7528032347862826,-0.2918400696374413,-0.17944188270455094,-0.226036910522336,1
209,-0.6591820115382597,-0.35909833882755954,-0.22531212679957974,-0.30947730542168433,1
210,-0.8074156150142959,-0.35909833882755954,-0.10453773240944156,0.1408167546760649,1
211,3.031054538154643,-0.09006526206708652,0.00349305337502505,-0.08710586165219364,0
212,-0.9088386068663208,6.770278195324976,1.1756008634843624,-0.27159033768576946,3
213,-0.1442652836741337,-0.2918400696374413,-0.20307656528369847,-0.08316694010142894,4
214,-0.5577590196862349,0.8515505065945691,0.5258849488562604,0.18007597860571092,2
215,-0.2222829697141528,-0.5608731463979143,-0.23422602029215064,-0.31817059987896257,1
216,-0.7762085405982884,-0.15732353125720477,0.11635415168195729,0.36516957318545473,1
217,-0.721596160370275,-0.15732353125720477,-0.15982445578151652,-0.20464568536466307,1
218,-0.7840103092022902,1.389616660115515,0.14125358938654203,0.2294037529401928,0
219,0.7217310313700782,-0.35909833882755954,-0.21584990592667688,-0.14389788926091437,4
220,-0.7371996975782787,0.11170954550326825,0.1578086164669716,-0.06570477544446077,4
221,1.4707008173542615,-0.35909833882755954,-0.21554400900438533,-0.3455556098623655,4
222,-0.5343537138742291,0.4480008914538595,0.010950077039560616,0.07938564606110694,2
223,-0.9088386068663208,0.9188087757846873,1.132454531422599,0.6102548095296525,0
224,-0.40172364760619667,-0.49361487720779607,-0.2470639709392766,-0.312300003796593,1
225,-0.24568827552615852,-0.22458180044732304,0.12295066157443901,3.807260664192306,2
226,-0.29249888715017,-0.2918400696374413,-0.23789735512959753,-0.32329189318535667,0
227,-0.5499572510822329,-0.022806992876968267,-0.16036706546236643,-0.35689422389620484,1
228,-0.40172364760619667,-0.09006526206708652,0.08338475292835741,1.0464724137713868,3
229,1.338070751086229,-0.2918400696374413,-0.18090275492222374,-0.01279654627406824,4
230,0.23021960931795793,0.17896781469338652,-0.08731316271965979,-0.09224267911493192,4
231,-0.7762085405982884,-0.2918400696374413,-0.12529984276878944,-0.14199177460492973,1
232,0.1990125349019503,-0.2918400696374413,-0.15383001964449838,-0.17561339102883303,1
233,1.3848813627102405,-0.42635660801767783,-0.20264945313238672,-0.21730137465073474,1
234,-0.12085997786212797,0.9188087757846873,0.30895085634636094,-0.07952552944791774,2
235,-0.893235069658317,-0.35909833882755954,-0.22794798626082105,-0.22656728845956714,1
236,-0.7450014661822807,0.11170954550326825,-0.14632153668462403,-0.2920817656422088,2
237,-0.8542262266383074,0.11170954550326825,0.19559174641453908,0.4480188590596439,2
238,-0.29249888715017,-0.42635660801767783,-0.10375726643013694,-0.03895847029797695,1
239,1.595529115018292,-0.22458180044732304,-0.19244393132681278,-0.18572472159901787,4
240,0.06638246863391785,0.11170954550326825,-0.00347739406358505,-0.18100726509190954,4
241,-0.2534900441301604,-0.2918400696374413,-0.21502312658156736,-0.19414039472462943,0
242,-0.7918120778062921,-0.2918400696374413,-0.1478698897043727,-0.14997373894792076,4
243,0.5734974278940419,-0.022806992876968267,0.20037288672145873,0.4709084811633671,0
244,-0.2534900441301604,-0.35909833882755954,-0.24169390758570214,-0.2716623777773564,4
245,-0.7918120778062921,0.5152591606439778,0.1506957983112576,-0.13610819162967486,2
246,1.603330883622294,-0.15732353125720477,-0.1702958506130074,-0.09802100641354537,4
247,-0.19887766390214706,-0.42635660801767783,-0.2060972259200841,-0.04815831922763297,1
248,0.6749204197460668,-0.35909833882755954,-0.1926131752314825,-0.14938464990094635,4
249,-0.7450014661822807,-0.2918400696374413,-0.2279845795375064,-0.1599432417467974,4
250,-0.8386226894303036,5.088821465572019,1.9637056892970626,-0.21102155334255168,3
251,0.06638246863391785,0.04445127631314999,0.025414141419391644,-0.1497163107468476,0
252,0.12879661746593313,-0.5608731463979143,-0.24239203869246476,-0.18239705722306407,1
253,0.42526382441800564,-0.42635660801767783,-0.20685024694187473,-0.1865581052741685,1
254,1.010396469718149,-0.42635660801767783,-0.18334078198138487,-0.14380267382726192,1
255,-0.8074156150142959,1.1878418525451604,0.09742856639625516,-0.3324697245793631,0
256,-0.01943698601010315,-0.42635660801767783,-0.19587169216632289,-0.34250547250858515,1
257,-0.12866174646612988,-0.22458180044732304,-0.1985973195094329,-0.06566180550565173,0
258,-0.5265519452702272,-0.2918400696374413,-0.16860226802641376,-0.15891612159655552,0
259,0.40966028721000186,-0.35909833882755954,-0.20895436035128206,-0.06737715485304704,1
260,-0.5811643254982406,-0.15732353125720477,-0.06545897175923363,-0.1434779774699972,4
261,0.18340899769394647,-0.15732353125720477,-0.21634791755156652,-0.32719098073672065,4
262,-0.4485342592302081,-0.022806992876968267,-0.17463329744011727,-0.2849422970467603,1
263,0.6281098081220553,-0.42635660801767783,-0.19097105194022762,-0.14297088598781527,1
264,-0.6201731685182501,0.31348435307362305,0.05517533899359351,-0.2285942529492638,0
265,1.9856175452183875,-0.42635660801767783,-0.15040797650447033,-0.14816518613966356,0
266,0.05077893142591403,-0.35909833882755954,-0.21980598219833167,-0.3521293110602385,4
267,-0.12866174646612988,-0.42635660801767783,-0.2374262166922737,-0.3229271339761913,1
268,-0.8308209208263017,0.31348435307362305,-0.12551196941957482,0.009873704403420166,2
269,-0.7684067719942864,-0.022806992876968267,-0.06280195680990859,-0.18589164860494212,4
270,1.3770795941062386,-0.35909833882755954,-0.21645197968214044,0.5579183805308967,1
271,0.12099484886193121,-0.49361487720779607,-0.19776882485447875,-0.060996069591712214,1
272,1.8997980905743665,-0.35909833882755954,-0.17181961752498312,-0.08919768523874828,0
273,-0.8308209208263017,-0.49361487720779607,-0.23187547403506537,-0.027985657059272646,4
274,1.4550972801462576,-0.35909833882755954,-0.2070686630620904,-0.2982324915726779,0
275,-0.7450014661822807,-0.35909833882755954,-0.2212102491911318,-0.2942290632654125,1
276,-0.5733625568942387,-0.42635660801767783,-0.22329435065235184,-0.17706275394213852,1
277,2.1572564545064297,-0.09006526206708652,-0.028634128244863662,0.14671998172060693,1
278,-0.01943698601010315,-0.09006526206708652,-0.22581471258405503,-0.06361953980281099,4
279,-0.893235069658317,-0.09006526206708652,-0.09584225503708634,-0.08799905116461819,0
280,-0.4953448708542196,-0.022806992876968267,-0.1930825983589617,-0.3519553549418387,0
281,0.5266868162700304,-0.22458180044732304,0.043911471013885546,-0.09723217763147554,4
282,-0.5187501766662254,0.11170954550326825,-0.1283839698694262,-0.31312540941302497,2
283,-0.23008473831815468,-0.35909833882755954,-0.23030310667749193,-0.32658470778273235,1
284,0.011770088405904485,-0.35909833882755954,-0.14561254194884546,-0.1991789172494798,1
285,-0.7762085405982884,-0.35909833882755954,-0.14872068338730698,-0.18542622708424533,4
286,1.6111326522262959,-0.42635660801767783,-0.23815979753582525,-0.3142643864853423,1
287,1.2756566022542137,-0.42635660801767783,-0.21118311960939892,-0.015816676487167385,1
288,-0.5187501766662254,-0.49361487720779607,-0.21664352261479033,-0.2061675139600437,1
289,0.23802137792195985,-0.35909833882755954,-0.19823253028247587,0.4246204218678289,1
290,-0.5109484080622234,-0.15732353125720477,-0.10540110503123641,-0.05363720066337202,4
291,-0.9010368382623188,1.053325314164924,0.009088965858141862,-0.2195623722730528,2
292,-0.3861201103981929,-0.35909833882755954,-0.1880310108665394,-0.3098266610516856,1
293,-0.893235069658317,7.442860887226159,6.820840511803078,1.4610615934554236,3
294,1.7827715615143378,-0.42635660801767783,-0.2108068949834777,-0.173720506870057,1
295,-0.03504052321810697,-0.35909833882755954,-0.16555702128225516,-0.15344776284331943,1
296,0.9635858580941373,0.6497756990242143,-0.0915070952897693,-0.32569932101423704,3
297,0.35504790698198846,-0.35909833882755954,-0.12200587609716017,-0.20128165309219698,4
298,-0.9166403754703227,0.24622608388350475,-0.09610698452310688,-0.06864408532639533,4
299,-0.8386226894303036,5.963178965043557,5.27088081849993,3.5596616939615937,3
300,-0.713794391766273,-0.022806992876968267,-0.08134788685000027,-0.1739088106907935,4
301,-0.5577590196862349,-0.09006526206708652,-0.1589324946623112,-0.32182716805569733,2
302,-0.43293072202220434,0.11170954550326825,-0.0036403484988244998,0.5423699535722636,2
303,0.394056750001998,-0.35909833882755954,-0.16593038705843532,-0.07781155570390726,1
304,0.7841451802020935,-0.35909833882755954,-0.013139734418360874,-0.30733074376321173,1
305,-0.2378865069221566,-0.35909833882755954,-0.15034794065990845,-0.09331017124702917,1
306,1.3068636766702213,0.24622608388350475,-0.0727639046175457,-0.3135717839671725,0
307,-0.2222829697141528,1.3223583909253969,0.1154839178207839,-0.0011111047113352586,2
308,-0.7996138464102941,-0.42635660801767783,-0.2366268823046782,-0.1506754422205111,1
309,-0.893235069658317,2.869298582298117,8.255664034175371,0.8272145911461812,3
310,-0.8542262266383074,-0.15732353125720477,-0.14241177377877415,-0.27338411503606524,1
311,1.6111326522262959,-0.42635660801767783,-0.2183931386563084,-0.021536085521980632,1
312,-0.058445829030112695,-0.15732353125720477,-0.18618876809341153,-0.3258640718315993,0
313,1.3536742882942328,-0.35909833882755954,-0.22125370370719563,0.5389457636193915,1
314,0.3784532127939942,-0.42635660801767783,-0.2226991381362668,-0.3444334703438377,1
315,0.7919469488060954,-0.2918400696374413,-0.18546605087887597,-0.27399169035125404,1
316,0.1912107662979484,-0.42635660801767783,-0.2098920630663441,-0.21026344784621953,1
317,-0.893235069658317,-0.22458180044732304,-0.1937321290201266,-0.263679732772308,4
318,-0.5109484080622234,-0.49361487720779607,-0.22486385916018425,-0.1984679211342759,1
319,1.4941061231662671,-0.22458180044732304,-0.19331416518798614,-0.2695372841071487,4
320,-0.9088386068663208,0.11170954550326825,-0.07391487752328946,-0.12338925385136014,0
321,0.03517539421791021,-0.35909833882755954,-0.21767270852156567,-0.09973942654000603,4
322,-0.9010368382623188,-0.35909833882755954,-0.18964683274017669,-0.1729536407301811,1
323,1.3848813627102405,-0.15732353125720477,-0.17199114850944572,1.0162082586816548,0
324,-0.7684067719942864,0.9860670449748056,1.493522679556696,1.0346557134747967,0
325,-0.2534900441301604,-0.022806992876968267,-0.05578919839513105,-0.12670518371302705,0
326,-0.627974937122252,-0.2918400696374413,-0.06604332064630272,-0.15037752267597174,1
327,1.345872519690231,-0.09006526206708652,-0.11323092270200394,-0.16721933284342855,1
328,0.4564708988340133,-0.2918400696374413,-0.17464759168882252,0.001404815588718904,4
329,-0.24568827552615852,-0.2918400696374413,-0.15259785540610898,-0.35084078434308097,1
330,0.9791893953021412,-0.35909833882755954,-0.1946989920025472,-0.30573969347264907,1
331,-0.635776705726254,-0.22458180044732304,-0.21602315222098406,0.09950622717186822,1
332,0.24582314652596177,0.17896781469338652,-0.02338013419077555,-0.13485130227777303,0
333,-0.8854333010543151,-0.15732353125720477,-0.090560244255536,-0.3165926786960741,4
334,0.6905239569540705,-0.35909833882755954,-0.1369079162573189,0.37344171702911305,4
335,1.0181982383221508,-0.42635660801767783,-0.20159167872820094,-0.11083174423144487,1
336,0.23021960931795793,-0.49361487720779607,-0.21091095711405167,0.015059611765949301,1
337,-0.6591820115382597,-0.022806992876968267,-0.07560502949019386,-0.15308025107666604,2
338,-0.7684067719942864,0.582517429834096,0.11309677828701331,-0.09189428813761176,0
339,-0.713794391766273,-0.15732353125720477,-0.10808670847797186,-0.34182783076340434,4
340,-0.6123713999142483,0.5152591606439778,0.3312344465378917,-0.3076069955193795,0
341,-0.6591820115382597,0.9188087757846873,0.18050788341085,-0.18187701770569892,0
342,-0.7684067719942864,-0.35909833882755954,-0.1780559123500935,-0.06422863659137756,1
343,-0.09745467205012225,0.6497756990242143,0.17601891754746488,0.48865934189884164,2
344,-0.8308209208263017,-0.42635660801767783,-0.17451951522042375,-0.18077387265498723,1
345,1.4472955115422557,-0.2918400696374413,-0.17994504025897445,-0.34457559332695276,4
346,-0.058445829030112695,-0.2918400696374413,-0.14020073938905178,-0.3489900461439208,1
347,-0.8776315324503131,-0.22458180044732304,-0.19075377935990837,-0.21831090313997253,4
348,-0.6825873173502655,-0.022806992876968267,-0.12264168427956804,-0.1893175791219468,2
349,-0.893235069658317,-0.49361487720779607,-0.20530132215217786,-0.3158443540008356,1
350,1.595529115018292,-0.2918400696374413,-0.1851412855482935,-0.18656047364652684,4
351,-0.627974937122252,-0.15732353125720477,-0.1310918723441418,-0.13248122170340365,4
352,2.9218297776986164,-0.42635660801767783,-0.2358035335792579,-0.20763448333071396,4
353,-0.7528032347862826,1.389616660115515,0.6596368057608875,0.4657202153382744,0
354,0.44866913023001137,0.11170954550326825,-0.1620760858375617,-0.3352950577686847,1
355,-0.9166403754703227,-0.15732353125720477,-0.12583330413046803,-0.1497039800176441,4
356,-0.8542262266383074,-0.09006526206708652,-0.08917656098087137,-0.1649850646007172,2
357,-0.627974937122252,-0.42635660801767783,-0.09698922555319263,0.030176500613409072,1
358,0.9713876266981393,-0.35909833882755954,-0.19264347903873755,0.09952374054805284,1
359,-0.7762085405982884,-0.42635660801767783,-0.23328431518745119,-0.36415105311134205,1
360,-0.9166403754703227,2.600265505537644,0.9104173921249387,0.21505519211709617,3
361,1.7047538754743188,-0.42635660801767783,-0.21799575854230346,-0.29067719767152506,4
362,-0.713794391766273,-0.09006526206708652,-0.16124930649245217,-0.310926692871352,0
363,1.7905733301183397,-0.49361487720779607,-0.24367108806660723,-0.041293075763281596,1
364,-0.9166403754703227,-0.15732353125720477,-0.04492442583927269,-0.2769296229614002,1
365,-0.7762085405982884,-0.42635660801767783,-0.22268255680776874,-0.13650230705010372,4
366,1.7905733301183397,-0.35909833882755954,-0.18392398732855758,-0.22745008749182694,0
367,-0.5343537138742291,-0.2918400696374413,-0.14736272976031173,-0.15631959322912925,4
368,0.23021960931795793,-0.35909833882755954,-0.2123609657027085,-0.26325854207070243,4
369,0.25362491512996366,-0.42635660801767783,-0.18837007044582704,-0.218459528252483,1
370,-0.5031466394582215,-0.022806992876968267,-0.09739289513662784,-0.19177185932840643,4
371,1.3302689824822271,-0.22458180044732304,-0.14847081991993985,-0.21827840011375696,4
372,-0.5733625568942387,0.17896781469338652,-0.03247241990718749,-0.05160733738382799,2
373,1.9856175452183875,-0.2918400696374413,-0.20761470336262952,0.8692251268435373,0
374,2.009022851030393,-0.022806992876968267,-0.08823256879637909,-0.17096247450703034,3
375,-0.5031466394582215,-0.42635660801767783,-0.10418094796175945,-0.1753158314213153,1
376,-0.47193956504221385,0.04445127631314999,-0.1179234386669513,-0.17839847602183054,2
377,-0.6903890859542673,-0.22458180044732304,-0.15637954184356015,0.7872767018324732,1
378,-0.23008473831815468,-0.15732353125720477,0.6385207698035984,3.6171291421060436,2
379,2.6721731823705555,-0.42635660801767783,-0.2215127154937341,-0.17210458743102186,4
380,1.7827715615143378,-0.35909833882755954,-0.13988283529784784,-0.21618335752864726,4
381,-0.6981908545582692,0.5152591606439778,0.5833666970595077,1.907437487244982,0
382,-0.9088386068663208,-0.42635660801767783,-0.1864346291711412,-0.06950669686797495,1
383,-0.7996138464102941,-0.2918400696374413,-0.10278582928813064,0.565092089950049,4
384,-0.2222829697141528,-0.49361487720779607,-0.24191003662612495,-0.26384234625136627,1
385,1.4082866685222462,-0.35909833882755954,-0.18994186603345228,-0.18982645912867,4
386,-0.7840103092022902,-0.22458180044732304,-0.13946258438591458,-0.08538827978637525,4
387,-0.4173271848142005,-0.15732353125720477,-0.12534729967449076,-0.34327785878738437,4
388,-0.8230191522222998,2.4657489671574075,1.6290876189670922,0.3078002207294314,3
389,-0.3939218790021948,-0.22458180044732304,-0.17869515115219062,-0.09502398096869075,4
390,-0.8776315324503131,-0.49361487720779607,-0.24441038660964085,-0.19662065142227142,1
391,-0.8620279952423093,4.079947427720246,1.564431301453724,0.04143742289661603,3
392,-0.7840103092022902,-0.022806992876968267,1.2418935865895033,2.953883804228454,3
393,-0.27689534994216614,-0.42635660801767783,-0.2397922007379606,-0.37798796319132616,1
394,1.4707008173542615,0.5152591606439778,-0.03159189418694636,-0.2505353840547484,0
395,-0.9010368382623188,1.2551001217352786,-0.04371913478844913,-0.18771943583197556,2
396,-0.7293979289742769,-0.15732353125720477,-0.17100941950837167,-0.2279950726697299,4
397,-0.2846971185461681,-0.35909833882755954,-0.06935901457596395,-0.17511447741256184,4
398,0.019571857009906393,-0.42635660801767783,-0.22732532878722195,-0.2828285889288077,1
399,-0.3081024243581738,-0.42635660801767783,-0.1615952273111183,-0.08653492745574377,1
400,-0.5265519452702272,-0.49361487720779607,-0.2047346981335032,-0.20019530320130866,1
401,-0.713794391766273,-0.022806992876968267,-0.09087872011668814,-0.21555812614097153,2
402,-0.9088386068663208,-0.22458180044732304,-0.14758514827016486,-0.3326610425367427,4
403,-0.9088386068663208,0.17896781469338652,0.1174313662643821,0.49136436566658975,0
404,-0.2378865069221566,-0.35909833882755954,-0.21248561155141793,-0.16156551932128863,4
405,1.603330883622294,-0.42635660801767783,-0.2252045768723217,-0.3006777119844372,4
406,-0.8776315324503131,-0.09006526206708652,0.5270610796397253,-0.09454126345014276,2
407,-0.40172364760619667,-0.15732353125720477,-0.18726998506547382,-0.326722568918507,4
408,3.148081067214672,-0.42635660801767783,-0.2238655488306122,-0.2737300550456414,1
409,-0.721596160370275,-0.022806992876968267,0.027320994196667038,-0.0277141241805146,4
410,-0.02723875461410506,-0.09006526206708652,-0.17640063835002984,-0.35892685028697124,1
411,-0.3159041929621757,-0.2918400696374413,-0.2091967908093225,-0.22633682366750835,1
412,-0.6201731685182501,-0.22458180044732304,0.039333880808528135,-0.15475823668919952,4
413,0.16000369188194075,-0.09006526206708652,-0.16950966693422068,-0.34484170979264744,4
414,-0.9010368382623188,-0.49361487720779607,-0.19669389735184675,-0.19066592435454385,1
415,1.345872519690231,-0.15732353125720477,-0.05298180794942721,-0.23805701508211125,0
416,-0.8854333010543151,0.7170339682143325,0.3343077100095125,-0.03598828604559073,2
417,2.055833462654405,-0.35909833882755954,-0.17800502482470293,-0.1740015613324745,4
418,1.509709660374271,-0.5608731463979143,-0.2530681271654143,-0.18554972519698534,1
419,-0.7762085405982884,0.6497756990242143,0.18069713926370704,-0.2828587679120314,0
420,0.17560722908994458,-0.49361487720779607,-0.16551185145634667,-0.12349722788543245,1
421,-0.07404936623811652,-0.2918400696374413,-0.14358218686275698,-0.12877239604883647,4
422,-0.5889660941022425,-0.22458180044732304,0.01231031774634869,-0.09425688599327843,1
423,-0.26129181273416235,-0.22458180044732304,-0.0686448739106515,-0.24481568757077568,4
424,1.3926831313142423,-0.42635660801767783,-0.23007439869820853,-0.18373245486818648,4
425,-0.8308209208263017,-0.5608731463979143,-0.23743765209123793,-0.10281488778331829,1
426,0.18340899769394647,-0.35909833882755954,-0.17786722826718468,-0.17065401832304175,1
427,1.4707008173542615,-0.42635660801767783,-0.2305621184640304,-0.22337718632181353,1
428,0.7217310313700782,0.11170954550326825,0.255693344520478,1.538576845582746,0
429,-0.6435784743302558,0.5152591606439778,0.1495476842552549,-0.18782419436365402,2
430,-0.8308209208263017,-0.09006526206708652,0.01597993727395101,-0.07335191427117349,0
431,-0.33930949877418143,0.04445127631314999,-0.07327220810150309,-0.1587717555497847,4
432,1.4707008173542615,-0.09006526206708652,-0.1816803620517873,-0.33162160435649873,4
433,-0.8620279952423093,-0.42635660801767783,-0.1720729116120395,-0.14700282542269083,4
434,0.10539131165392739,0.24622608388350475,0.22980874719512998,-0.001301670711140066,0
435,0.4720744360420171,-0.42635660801767783,-0.17701529104435398,0.30820633185263463,1
436,0.03517539421791021,0.04445127631314999,-0.17214609816541018,-0.24503174399081917,0
437,-0.8620279952423093,-0.42635660801767783,-0.218098677132981,-0.17548530779463392,1
438,-0.2378865069221566,1.4568749293056333,1.0526285854133108,-0.09324731744406961,2
439,1.2990619080662196,-0.2918400696374413,-0.17028212813425042,-0.18232356403171543,4
440,-0.7840103092022902,0.11170954550326825,0.03096088168696249,-0.3194451430071596,4
441,-0.7996138464102941,-0.22458180044732304,-0.12976136367466057,-0.19191760618950232,4
442,-0.7918120778062921,-0.2918400696374413,-0.23081312547129393,-0.31190465478220525,4
443,-0.01943698601010315,0.4480008914538595,-0.09186273619755501,-0.11678237152375741,0
444,0.23802137792195985,-0.42635660801767783,-0.21907869082421041,-0.1754298783183814,1
445,0.13659838606993502,-0.42635660801767783,-0.22856378249504158,-0.07728029572372837,1
446,-0.4797413336462158,0.11170954550326825,-0.1493050322743761,-0.1121683687665309,0
447,-0.9088386068663208,1.389616660115515,0.6687085077591639,0.37730606421803536,0
448,-0.8386226894303036,0.17896781469338652,-0.13026166237934303,0.6373760475617262,2
449,-0.8620279952423093,-0.35909833882755954,-0.1836655473119673,-0.1283154285749115,1
450,2.375705975418483,0.24622608388350475,-0.12413057322470303,-0.10902117043708584,0
451,-0.3471112673781833,0.24622608388350475,-0.18165348886422153,-0.1418417776889019,0
452,-0.893235069658317,-0.2918400696374413,-0.15549043957409592,-0.37137574200063633,1
453,1.7749697929103359,-0.35909833882755954,-0.19713873437155296,-0.24611608348859615,4
454,-0.4485342592302081,0.04445127631314999,0.014955325526761333,-0.17331745161181816,2
455,-0.8542262266383074,-0.2918400696374413,-0.08512614266776218,-0.15112435797875207,4
456,-0.7684067719942864,-0.09006526206708652,-0.1672626110377612,-0.17454483689381303,0
457,0.3784532127939942,0.24622608388350475,-0.10137755990569304,-0.21934603346065507,0
458,-0.9166403754703227,6.703019926134858,6.1897585797870915,10.283628466481087,3
459,1.5487185033942805,-0.49361487720779607,-0.2477283676190949,-0.10215951664251968,1
460,0.5032815104580247,-0.2918400696374413,-0.1708190201156182,0.10281934586654931,4
461,-0.8620279952423093,0.7170339682143325,0.24274332696350315,0.03139367999111525,2
462,-0.7450014661822807,1.053325314164924,0.39693538774663667,-0.10228236132853115,2
463,0.6671186511420648,-0.15732353125720477,-0.1826580886632239,-0.15990165585377483,4
464,-0.8074156150142959,-0.22458180044732304,-0.12544793118537545,-0.1552830397949049,1
465,-0.7528032347862826,-0.22458180044732304,-0.1860526868457379,1.5920887261350265,4
466,-0.8074156150142959,0.04445127631314999,0.007262732643563861,-0.014650888490232999,4
467,-0.9010368382623188,0.9860670449748056,0.40618376665890954,0.01663263577961195,2
468,-0.3939218790021948,0.9188087757846873,0.32387062137491407,-0.2220251138837936,0
469,-0.9166403754703227,0.11170954550326825,-0.09530593482566674,-0.2108456336785386,2
470,-0.4875431022502177,0.04445127631314999,0.12118446420442286,-0.3200030149365273,4
471,-0.4251289534182024,-0.22458180044732304,-0.16375994833503577,-0.3049749783445148,1
472,-0.01943698601010315,-0.42635660801767783,-0.24870380715073867,-0.05344282596153716,1
473,-0.09745467205012225,-0.022806992876968267,0.05408897609199731,0.015474205588607775,4
474,-0.46413779643821196,-0.35909833882755954,-0.10589625780638502,-0.22681241567437352,1
475,-0.9088386068663208,-0.22458180044732304,-0.1613333566748388,-0.12881050715337503,1
476,-0.17547235809014133,0.11170954550326825,0.06188848995550972,0.6548127385850414,0
477,1.7983750987223417,-0.09006526206708652,-0.11906812210326476,-0.24706373194763598,0
478,-0.893235069658317,6.164953772613912,3.1489596340556107,0.853171128665153,3
479,0.027373625613908305,-0.35909833882755954,-0.1787877778838004,-0.18461714150887304,1
480,-0.9166403754703227,0.31348435307362305,-0.03822614089600986,-0.1471595558397711,2
481,0.13659838606993502,-0.09006526206708652,-0.13987711759836577,-0.27652126894557566,2
482,-0.8386226894303036,-0.2918400696374413,-0.19995298605663533,-0.31013930646280063,1
483,-0.17547235809014133,-0.42635660801767783,-0.1916200108314443,-0.17631996990799717,1
484,-0.7840103092022902,0.17896781469338652,0.07183328466470058,-0.1374965619877791,4
485,-0.7371996975782787,0.5152591606439778,0.13903226313775197,-0.0892496655220027,0
486,1.010396469718149,-0.42635660801767783,-0.2088880350372899,0.24461683533484913,1
487,-0.6981908545582692,1.59139146768587,1.9114104662940146,2.8518408473107844,3
488,1.501907891770269,-0.49361487720779607,-0.21221916675555277,-0.27714849801309804,1
489,-0.9010368382623188,0.9188087757846873,0.16271325908270437,-0.3186861423057536,0
490,0.7451363371820839,0.04445127631314999,-0.13947916571441263,-0.2875526948813787,0
491,-0.07404936623811652,-0.09006526206708652,-0.19825311400061135,-0.3235524472688624,0
492,2.3054900579824658,-0.42635660801767783,-0.21396192155769234,-0.1521888279206847,1
493,1.509709660374271,-0.22458180044732304,-0.21393390483023011,0.09911033121567886,4
494,1.1196212301741755,0.04445127631314999,-0.14550562096853048,-0.18081405979674356,0
495,-0.721596160370275,-0.42635660801767783,-0.19597975668653428,-0.12511186524961146,1
496,0.47987620464601904,0.04445127631314999,-0.12896431636685787,-0.2572632735978676,2
497,0.011770088405904485,-0.42635660801767783,-0.1882196949494482,-0.11271388850154855,1
498,-0.7996138464102941,-0.35909833882755954,-0.17082702489489313,-0.3330485285808144,4
499,-0.8542262266383074,-0.42635660801767783,-0.10637711633282837,-0.18733238085285475,4
500,-0.9010368382623188,-0.35909833882755954,-0.19776882485447875,-0.3071327818853276,1
501,-0.3471112673781833,-0.22458180044732304,-0.12073311619244798,-0.07288263606464257,1
502,2.3288953637944716,-0.42635660801767783,-0.2077404927512354,0.14196001269706637,4
503,-0.3081024243581738,-0.49361487720779607,-0.23514542636886995,-0.36971403828255933,1
504,1.7593662557023322,-0.42635660801767783,-0.1582400812550307,-0.14846456956243312,1
505,-0.8230191522222998,0.9188087757846873,0.2498990278653328,-0.3078101922620287,2
506,-0.5343537138742291,-0.5608731463979143,-0.18810991511939218,-0.1317959296433486,1
507,-0.4251289534182024,0.9860670449748056,0.17987093168854573,-0.26696997425428537,0
508,-0.7762085405982884,1.7259080060661065,0.36347998453705954,0.5064461316319127,0
509,-0.8464244580343055,2.2639741595870526,1.1323590458412482,-0.06116618399691038,3
510,-0.3939218790021948,-0.42635660801767783,-0.22175686126161914,-0.3310339592813676,1
511,1.6423397266423034,-0.42635660801767783,-0.16774918726368665,-0.1732248545297693,4
512,-0.9166403754703227,9.057059347788996,16.96632761635501,0.6608684127109039,3
513,-0.9010368382623188,-0.22458180044732304,-0.105855090370114,-0.15838171159654232,4
514,-0.19887766390214706,-0.35909833882755954,-0.06967977751690892,0.08753822192298998,1
515,3.077865149778655,-0.42635660801767783,-0.24819378835693665,0.015870584103154815,4
516,-0.8464244580343055,-0.15732353125720477,-0.06632177261108026,-0.18445121837078143,1
517,0.08978777444592358,-0.15732353125720477,2.9842798726040538e-05,-0.037129365884192626,4
518,0.7061274941620744,-0.2918400696374413,-0.2164742787101206,-0.32369437011743607,1
519,2.375705975418483,-0.42635660801767783,-0.17286481299030831,-0.15900465002470426,4
520,2.3913095126264867,-0.49361487720779607,-0.2091830683305655,0.04648973478593807,1
521,1.6267361894342995,-0.49361487720779607,-0.21178862398455173,-0.18311549922714884,1
522,-0.7059926231622712,-0.42635660801767783,-0.14499560217472846,-0.19632462385482222,1
523,-0.9010368382623188,0.3807426222637413,0.06390340725299659,-0.16160295948364942,2
524,-0.721596160370275,0.31348435307362305,-0.005089785317533076,-0.2906112123761265,0
525,-0.5655607882902368,1.6586497368759883,0.6313707866012509,-0.24064798033446977,3
526,-0.46413779643821196,-0.22458180044732304,-0.17269099492605292,-0.17029678946409005,4
527,-0.8776315324503131,-0.022806992876968267,0.00910783426643274,0.026251377502588318,4
528,-0.8854333010543151,-0.49361487720779607,-0.22748142198308288,-0.20374520129611226,1
529,-0.8542262266383074,-0.09006526206708652,-0.1863288517307226,-0.36801608037120026,1
530,-0.3861201103981929,-0.35909833882755954,-0.14871210683808386,-0.19827310975502865,1
531,0.1990125349019503,-0.15732353125720477,-0.1924507925661913,-0.17577459172788634,1
532,0.05077893142591403,-0.22458180044732304,-0.11594339933630518,-0.2543860833702092,4
533,0.10539131165392739,-0.09006526206708652,-0.0349899229891496,-0.23654969472506868,4
534,-0.5577590196862349,0.17896781469338652,-0.21364058684679912,-0.18744453239314632,0
535,0.18340899769394647,-0.09006526206708652,-0.08018033261575845,-0.1313469684896421,4
536,-0.6981908545582692,-0.42635660801767783,-0.20234584328988797,-0.14872657082387641,1
537,-0.8386226894303036,0.4480008914538595,0.0923340961577172,-0.1521205249353034,2
538,0.23802137792195985,-0.22458180044732304,-0.13770153294543233,-0.17694271754371857,1
539,-0.7450014661822807,0.582517429834096,0.35928319311720897,-0.09367019027913599,0
540,-0.19107589529814514,-0.35909833882755954,-0.1680413617072212,-0.12004510032768297,1
541,-0.721596160370275,-0.42635660801767783,-0.24175051281057477,-0.2914205734152719,4
542,-0.4251289534182024,0.31348435307362305,-0.06411874300063283,-0.2818198693247696,0
543,1.7593662557023322,-0.42635660801767783,-0.22924590404325437,-0.3188606892578801,1
544,-0.03504052321810697,-0.35909833882755954,-0.1900036171878588,-0.16718613954595749,1
545,-0.33930949877418143,-0.22458180044732304,-0.17999135362477933,-0.32167325145581305,0
546,-0.5889660941022425,-0.09006526206708652,-0.17560644989196816,-0.19127694858103858,4
547,0.12099484886193121,-0.2918400696374413,-0.22221999491966804,-0.11491290207257165,1
548,-0.893235069658317,-0.49361487720779607,-0.18068433880200807,-0.17897335947053744,1
549,-0.5343537138742291,-0.49361487720779607,-0.2237466206813848,-0.1971536611013647,1
550,1.4472955115422557,-0.22458180044732304,-0.20026745952815,0.07229381963245159,0
551,1.1742336104021889,-0.22458180044732304,-0.14562397734780963,-0.25864210744781485,0
552,-0.9010368382623188,-0.22458180044732304,-0.18827687194426906,-0.18452130504600092,4
553,1.4004848999182442,-0.42635660801767783,-0.14355988783477686,-0.1424877407391094,1
554,0.40966028721000186,0.04445127631314999,-0.1448229276503695,-0.34073074704401857,4
555,1.8997980905743665,-0.35909833882755954,-0.2247334956119927,-0.3050288412194174,1
556,-0.3159041929621757,0.24622608388350475,0.12320509920139179,-0.2716836380240014,2
557,-0.2378865069221566,0.3807426222637413,0.0427736488169506,-0.042151238517533836,0
558,-0.44073249062620623,-0.42635660801767783,-0.16927695656529984,0.29865427727030963,1
559,1.501907891770269,-0.022806992876968267,-0.18889895764791992,-0.19793485517116152,0
560,-0.9166403754703227,-0.35909833882755954,-0.22003869256725253,-0.09787355017243565,4
561,-0.6825873173502655,-0.35909833882755954,-0.12620552636675175,0.04342414234395618,1
562,1.3926831313142423,-0.15732353125720477,0.0039721965916237984,0.14209485942291356,4
563,-0.5811643254982406,-0.5608731463979143,-0.2430713013909365,-0.23002431246116833,1
564,-0.8230191522222998,1.389616660115515,0.40946801324141924,0.23138283802883886,0
565,-0.1442652836741337,-0.15732353125720477,0.03930586408106593,-0.2727053314471039,4
566,-0.6981908545582692,-0.09006526206708652,-0.13844826449779266,-0.1555457874291885,1
567,-0.2378865069221566,0.17896781469338652,0.026307817848441575,-0.14888715007575465,2
568,2.5083360416865155,0.24622608388350475,-0.0117920726504334,-0.07465927370983576,0
569,-0.02723875461410506,-0.2918400696374413,-0.15484319599272386,-0.1563172842648592,1
570,-0.6747855487462635,2.9365568514882354,4.474864983683817,5.43560153933509,3
571,3.460151811374748,-0.35909833882755954,-0.1845483601120013,0.1991773647228377,0
572,3.046658075362647,-0.42635660801767783,-0.13230745525403312,-0.04948657246141809,2
573,-0.7996138464102941,-0.42635660801767783,-0.1752982658898838,0.03420002091018493,4
574,0.8855681720541183,-0.22458180044732304,-0.1095710232635212,-0.05289755918301398,0
575,-0.7293979289742769,-0.022806992876968267,-0.05503274675365118,-0.01995285518261652,0
576,-0.37051657319018905,-0.35909833882755954,-0.19277670143667014,-0.2240070293178601,1
577,1.8763927847623607,-0.2918400696374413,-0.19461151120047127,0.017095328746884474,4
578,-0.6435784743302558,-0.5608731463979143,-0.24180311564580997,0.09204264436116401,1
579,1.1352247673821794,-0.15732353125720477,-0.09514240862047911,1.8115149839099158,4
580,-0.8464244580343055,-0.022806992876968267,-0.050352237957616224,-0.2887644526673355,4
581,1.8139786359303454,-0.35909833882755954,-0.0595217126170363,0.3011254496415179,1
582,1.3614760568982347,-0.49361487720779607,-0.21898091816306675,-0.3409319377416776,1
583,0.03517539421791021,-0.42635660801767783,-0.2444824296231151,-0.33181770807261407,4
584,0.9791893953021412,-0.35909833882755954,-0.22295929346270169,-0.327364708855585,4
585,1.5643220406022844,-0.022806992876968267,-0.11074829758688252,-0.27657984126503804,2
586,0.7217310313700782,0.17896781469338652,-0.10691057769450693,-0.1853174650150448,0
587,1.3848813627102405,-0.09006526206708652,-0.12442160412834118,-0.3389434491614591,1
588,-0.5109484080622234,-0.42635660801767783,-0.22282378398497624,-0.24549144149903637,1
589,0.14440015467393694,-0.09006526206708652,-0.1720391771850952,-0.28890526986574216,2
590,-0.46413779643821196,0.11170954550326825,0.08834085483942886,-0.17366987054851443,4
591,-0.47193956504221385,0.04445127631314999,0.3891776130893434,-0.005335641979721611,2
592,1.4707008173542615,-0.42635660801767783,-0.2373844774860545,-0.36570543410836576,4
593,1.5409167347902786,-0.42635660801767783,-0.2000787754452412,-0.16222719410367417,4
594,0.09758954304992548,-0.49361487720779607,-0.22152243558285364,-0.2045604881773454,1
595,0.5656956592900401,-0.22458180044732304,-0.1238944322360929,-0.34020596937503395,4
596,1.3536742882942328,-0.35909833882755954,-0.24142460394009593,-0.3456356128976599,0
597,1.3926831313142423,-0.35909833882755954,-0.11968563364732995,0.5888772257044764,4
598,3.155882835818674,-0.42635660801767783,-0.19552234072796748,-8.33967282628029e-05,0
599,1.6891503382663149,-0.49361487720779607,-0.2233846903041688,-0.35575827020336126,4
600,-0.713794391766273,-0.2918400696374413,-0.10468353374623474,-0.14726503770748517,1
601,-0.8542262266383074,-0.35909833882755954,-0.1581068588570981,-0.18305407197909143,4
602,-0.9088386068663208,-0.35909833882755954,-0.18420358283323154,-0.10658557948777213,1
603,-0.2378865069221566,-0.09006526206708652,-0.14793449970852027,-0.06518785075323236,4
604,-0.8776315324503131,0.8515505065945691,0.6143434775436011,-0.05293094299484802,0
605,-0.7528032347862826,-0.2918400696374413,-0.1464130198763374,-0.09345658287564891,4
606,-0.7840103092022902,-0.35909833882755954,-0.11446022809065226,-0.16226245673599843,4
607,-0.9088386068663208,-0.5608731463979143,-0.2415017928831041,-0.3072818824623072,1
608,-0.9166403754703227,-0.35909833882755954,-0.1892986248417177,-0.20942972872394605,1
609,0.7763434115980916,-0.49361487720779607,-0.2456151058905162,-0.15502700110307718,1
610,-0.4875431022502177,0.7842922374044509,0.15878348422866717,0.37223151688522294,0
611,-0.8074156150142959,0.6497756990242143,0.36968140139532923,-0.04554204781856994,2
612,3.241702290462695,-0.42635660801767783,-0.21596368814637038,-0.21094677196817627,4
613,-0.8464244580343055,-0.2918400696374413,-0.1656862412905503,-0.269581663497939,1
614,1.7905733301183397,-0.42635660801767783,-0.23445129765174477,-0.1801363749582881,4
615,2.375705975418483,0.11170954550326825,0.09677560511540102,1.051887577257645,0
616,3.1792881416306797,-0.5608731463979143,-0.23338609023823229,-0.17931661159303702,1
617,0.5344885848740324,-0.35909833882755954,-0.19652865583681448,-0.11651342270624003,1
618,-0.3159041929621757,-0.35909833882755954,-0.19737316005031846,-0.17189918167957205,1
619,0.21461607210995412,-0.15732353125720477,-0.13795597057238512,-0.1321602185022958,4
620,-0.893235069658317,0.4480008914538595,0.06557697789140292,-0.19322387597123802,0
621,1.579925577810288,-0.5608731463979143,-0.24297581580958566,-0.21129397610886355,1
622,-0.6903890859542673,0.24622608388350475,0.13174791399757532,-0.18616056991312807,2
623,-0.8776315324503131,-0.35909833882755954,-0.20475185123194944,-0.16444951799660665,1
624,-0.8620279952423093,-0.5608731463979143,-0.21882539673715404,-0.1680874669643665,1
625,-0.9010368382623188,-0.15732353125720477,-0.17872888557913494,-0.3188281462754651,4
626,-0.7059926231622712,0.3807426222637413,-0.0040537381713792375,-0.3515312448663875,0
627,1.7281591812863244,-0.2918400696374413,-0.13936995765430482,-0.16194550228259272,1
628,-0.8386226894303036,4.012689158530128,1.5474863272686163,0.1648093805573206,3
629,-0.2534900441301604,-0.49361487720779607,-0.21425924193076076,-0.16547513793525861,1
630,0.3706514441899923,-0.42635660801767783,-0.0885075901414674,0.24655595104743117,1
631,2.204067066130441,-0.35909833882755954,-0.22340127163266685,-0.33458938068655514,4
632,0.3394443697739847,-0.35909833882755954,-0.21062221329020633,-0.2557200436122065,1
633,-0.7840103092022902,-0.09006526206708652,-0.003180073690516628,-0.16473372593141383,1
634,0.5344885848740324,-0.22458180044732304,-0.16465934246356778,-0.2306430288372029,1
635,1.509709660374271,-0.22458180044732304,-0.20483647318428433,-0.28130641978298004,4
636,-0.7293979289742769,0.04445127631314999,-0.03607056819126371,-0.30614485248454404,4
637,-0.003833448802099333,-0.49361487720779607,-0.22149499062533964,-0.31317086058139737,1
638,-0.3159041929621757,-0.42635660801767783,-0.19225524724390397,0.00956031654873905,1
639,-0.635776705726254,0.582517429834096,0.08151334988787089,-0.16174239887321348,0
640,-0.9166403754703227,0.17896781469338652,0.15694810269491777,-0.26097699709608196,4
641,-0.7996138464102941,-0.15732353125720477,-0.17092136693634752,-0.16246697080356595,4
642,-0.7528032347862826,-0.09006526206708652,-0.12346617654488473,-0.13359926136820405,1
643,1.4863043545622652,-0.42635660801767783,-0.20860157829323744,-0.07446702987355665,1
644,2.2508776777544526,-0.42635660801767783,-0.20366949071999071,0.15982394306928574,4
645,-0.8386226894303036,-0.42635660801767783,-0.2155846046707081,-0.13529587677121807,1
646,0.8933699406581201,-0.2918400696374413,-0.2111345191638012,-0.33355865227104037,4
647,0.4564708988340133,-0.42635660801767783,-0.22124627069786895,0.38008287603186824,1
648,-0.7840103092022902,0.6497756990242143,2.083185596524457,1.8643033332306629,3
649,-0.3081024243581738,-0.22458180044732304,-0.08905014264532246,-0.18680775934841112,0
650,1.6345379580383015,-0.09006526206708652,-0.1954102738181186,-0.3484692333716377,0
651,-0.5031466394582215,0.04445127631314999,0.2031425403505808,-0.28453650038109135,0
652,-0.33930949877418143,-0.2918400696374413,-0.1925394169081636,-0.3494177244047363,4
653,1.5643220406022844,-0.42635660801767783,-0.2301538747210095,-0.1310728866738187,1
654,-0.2846971185461681,-0.42635660801767783,-0.2240971156596366,-0.3097479958269214,1
655,-0.7918120778062921,-0.22458180044732304,-0.09667703916147077,-0.18951782543008563,4
656,-0.7293979289742769,-0.2918400696374413,-0.14784873421628897,0.011686844572380868,1
657,0.44866913023001137,-0.35909833882755954,-0.22556942327627358,-0.1576864868829595,4
658,-0.9166403754703227,-0.2918400696374413,-0.08011915323130016,0.12459240248084773,4
659,-0.893235069658317,0.17896781469338652,-0.022787780524431537,-0.12997860956493998,0
660,1.3848813627102405,-0.42635660801767783,-0.22737507277271607,-0.17093656410858019,1
661,-0.6123713999142483,-0.09006526206708652,-0.14006637345122278,-0.18520289707649093,4
662,-0.2846971185461681,-0.022806992876968267,-0.17657845880392267,-0.22485824482621378,0
663,-0.8542262266383074,-0.022806992876968267,0.1260021977880279,-0.16477971825546514,4
664,-0.5577590196862349,-0.49361487720779607,-0.20410346411068098,-0.2808781950852981,1
665,-0.635776705726254,-0.49361487720779607,-0.18882405578470463,-0.17354997191475763,1
666,-0.8542262266383074,0.582517429834096,-0.11314915959941013,-0.2442264816156098,0
667,3.7410154811188168,-0.42635660801767783,-0.2366457507129691,-0.2621456200028569,0
668,-0.3861201103981929,-0.022806992876968267,-0.13033827955240299,-0.16859502571270318,4
669,2.4459218928545,0.24622608388350475,-0.12542791923718816,-0.30450398425092323,3
670,-0.6903890859542673,-0.22458180044732304,-0.21262283633898799,-0.09205357057701277,1
671,-0.7996138464102941,0.31348435307362305,0.08524815118956901,-0.18374297313896612,2
672,0.5812991964980438,-0.42635660801767783,-0.19342851917762785,-0.3599489491555747,1
673,-0.5265519452702272,-0.15732353125720477,-0.17847387618223393,-0.2749889209754724,1
674,1.3770795941062386,-0.42635660801767783,-0.21348620896078285,-0.1613152234640863,4
675,-0.2534900441301604,-0.42635660801767783,-0.21176289433688236,0.09960971286070926,1
676,-0.8308209208263017,-0.35909833882755954,-0.22966043725570556,-0.2007025455195391,1
677,2.094842305674414,-0.2918400696374413,-0.15714685711405602,-0.24227111867338605,1
678,-0.713794391766273,-0.2918400696374413,-0.14701166301211174,-0.12237536941223275,4
679,0.651515113934061,-0.35909833882755954,-0.21062221329020633,-0.3260486464606069,4
680,-0.11305820925812606,-0.49361487720779607,-0.20722018209836562,-0.21295805590597747,1
681,-0.7371996975782787,0.9188087757846873,0.6099328441631203,-0.1502832005750034,2
682,0.011770088405904485,-0.022806992876968267,0.08578790202067782,-0.09246474555511042,0
683,1.1586300731941852,-0.42635660801767783,-0.23862235942392596,-0.13435189119691385,1
684,0.12879661746593313,-0.2918400696374413,-0.18834319725826126,-0.11834651108309864,4
685,-0.29249888715017,0.4480008914538595,0.0529088429188949,-0.21210630588422316,0
686,-0.3939218790021948,-0.35909833882755954,-0.1833899541969308,-0.2000765485379687,4
687,0.003968319801902576,-0.22458180044732304,-0.2034602229189464,-0.26459233083150546,1
688,-0.8620279952423093,-0.022806992876968267,-0.06420050610322664,-0.14328886881548616,4
689,-0.5811643254982406,0.11170954550326825,-0.003500836631461591,-0.14201145031375284,2
690,-0.6045696313102463,0.17896781469338652,-0.15657851778553672,-0.34492990127042583,0
691,3.202693447442685,-0.42635660801767783,-0.17165437600995087,-0.3068317986749018,4
692,-0.9088386068663208,-0.35909833882755954,-0.19483335794037618,-0.08307587054526915,1
693,1.517511428978273,0.3807426222637413,0.3753470698121275,0.440493172443391,0
694,0.6281098081220553,-0.22458180044732304,-0.1611303783432248,0.7324932128093798,4
695,1.6111326522262959,-0.42635660801767783,-0.22650884130118018,-0.2591277842578989,1
696,-0.8776315324503131,0.24622608388350475,0.09854408956521,-0.08813011162598247,1
697,-0.7684067719942864,-0.2918400696374413,-0.15511192786838188,-0.27073868425241704,1
698,-0.7684067719942864,-0.35909833882755954,0.012793463352584883,-0.19292625138620711,1
699,0.7607398743900877,-0.35909833882755954,-0.21221973852550097,-0.26852628840994347,4
700,-0.6045696313102463,0.31348435307362305,0.6337819404728461,0.22949503808758256,2
701,0.308237295357977,-0.35909833882755954,-0.21950180058588473,-0.3591483383365374,4
702,-0.721596160370275,0.5152591606439778,0.026910463373853354,-0.1926531979731652,0
703,-0.3471112673781833,-0.2918400696374413,-0.18306404532645196,1.9334567075284002,4
704,2.5629484219145287,-0.42635660801767783,-0.21386929482608255,-0.34059886528512995,1
705,-0.3159041929621757,-0.22458180044732304,-0.14746907897067854,-0.15656254904667222,4
706,-0.8074156150142959,-0.42635660801767783,-0.2181118278417898,0.15717976666494873,1
707,-0.6123713999142483,0.9188087757846873,0.18818275142565302,0.0700876699364673,0
708,-0.9088386068663208,-0.42635660801767783,-0.18622078721051122,-0.20554694374531673,4
709,-0.5499572510822329,-0.35909833882755954,-0.14674578998619472,0.10531116691278249,4
710,1.1820353790061908,-0.42635660801767783,-0.18588916064055028,0.13349214180001978,4
711,0.7919469488060954,-0.15732353125720477,-0.08471446830505205,-0.23148996102619834,0
712,0.6125062709140515,-0.42635660801767783,-0.1674901754771482,0.3628010032345591,1
713,1.4472955115422557,-0.2918400696374413,-0.2146892129318136,-0.22962458823812154,0
714,-0.8464244580343055,-0.22458180044732304,-0.17741381469825532,-0.205163264245665,1
715,1.0572070813421603,-0.42635660801767783,-0.245935297061513,-0.31880919948781594,1
716,-0.5343537138742291,-0.2918400696374413,-0.1563338002477035,-0.1812273781680291,4
717,-0.8854333010543151,-0.49361487720779607,-0.20749291636366113,-0.2581430262825183,1
718,1.7827715615143378,-0.22458180044732304,-0.19583509888963752,-0.32594919869038563,0
719,-0.4251289534182024,-0.22458180044732304,-0.11804522566591973,0.21275093180092683,4
720,-0.5655607882902368,-0.22458180044732304,0.11694250295866385,-0.05371769109163743,4
721,1.4550972801462576,-0.35909833882755954,-0.2275374554380073,-0.36739873359100866,4
722,-0.5733625568942387,0.8515505065945691,0.11077024636775286,-0.20884016024273042,2
723,-0.19107589529814514,0.11170954550326825,0.03171618978854595,-0.2752116473088542,0
724,-0.9010368382623188,0.11170954550326825,0.07324841528651668,0.21656243997387672,0
725,-0.8308209208263017,-0.42635660801767783,0.09661779660969545,1.102691500808609,1
726,-0.44073249062620623,0.04445127631314999,0.06156315285497909,-0.002289482082018737,4
727,-0.6981908545582692,-0.35909833882755954,-0.13637273958579574,-0.16433669980335494,1
728,-0.40172364760619667,-0.42635660801767783,-0.2387344263337748,-0.18436304390981523,1
729,-0.7918120778062921,0.6497756990242143,0.05522108058945015,-0.16100740459485746,2
730,-0.24568827552615852,-0.2918400696374413,-0.22130344769268978,-0.15759837680641167,1
731,1.7359609498903263,-0.35909833882755954,-0.188929261455175,-0.20070689219451718,4
732,-0.8620279952423093,0.17896781469338652,0.033436645562705404,-0.13694369329852435,4
733,1.1274229987781774,-0.15732353125720477,-0.11906068909393805,0.14696080905161157,0
734,2.8360103230545954,-0.15732353125720477,-0.10204367189535599,-0.3101904475478798,0
735,-0.5343537138742291,-0.42635660801767783,-0.24502389576406858,-0.1628228847739047,1
736,-0.5655607882902368,0.04445127631314999,0.23846705952085157,0.20469334598751143,2
737,-0.9166403754703227,-0.35909833882755954,-0.23471488359786888,-0.3009308144728977,1
738,1.501907891770269,-0.35909833882755954,-0.2386132111047546,-0.20165039416341435,1
739,-0.7293979289742769,0.3807426222637413,0.10718238994274432,-0.18134095346261347,0
740,-0.9088386068663208,-0.42635660801767783,-0.22243383688029802,-0.1429258277987647,1
741,-0.7450014661822807,-0.15732353125720477,-0.18278216274198514,-0.09552194776700736,4
742,-0.8542262266383074,1.59139146768587,0.34750072979447594,-0.1839396538444505,2
743,-0.7528032347862826,-0.42635660801767783,-0.21916788693613093,-0.18150665089958004,1
744,2.196265297526439,-0.022806992876968267,-0.14534323830323925,-0.11488312600983662,4
745,0.8699646348461145,-0.42635660801767783,-0.22559286584415014,-0.3585314763434803,1
746,0.6281098081220553,-0.2918400696374413,-0.103749261650862,-0.12945170276145007,1
747,-0.7371996975782787,-0.49361487720779607,-0.21930797057344203,-0.12907588631250122,1
748,0.9713876266981393,-0.022806992876968267,-0.1603682090022628,-0.31090542616372824,4
749,2.6487678765585496,-0.42635660801767783,-0.21773789029566143,-0.2152823979098542,4
750,-0.26129181273416235,-0.2918400696374413,-0.2165360298645271,-0.340423880915352,1
751,0.5344885848740324,-0.35909833882755954,-0.1983817622389583,0.0037406137180018813,4
752,0.2692284523379675,-0.42635660801767783,-0.16202176769248186,-0.14371946635590505,1
753,-0.8776315324503131,-0.35909833882755954,-0.1792160335750086,-0.28790229822317387,1
754,-0.6123713999142483,-0.2918400696374413,-0.1587764014664503,0.010215944774641614,1
755,0.9635858580941373,-0.42635660801767783,-0.1961770173186662,-0.10898851650815665,4
756,-0.7684067719942864,-0.49361487720779607,-0.23771724759591187,-0.1626772933617042,1
757,-0.5655607882902368,-0.35909833882755954,-0.17069437426690875,-0.17574559456598013,1
758,2.797001480034586,-0.42635660801767783,-0.2507067172793131,-0.19617800318056686,0
759,0.12099484886193121,0.8515505065945691,0.04125845845419802,-0.16127666656451764,2
760,-0.8620279952423093,-0.022806992876968267,-0.11255280354342866,0.7803208008914015,2
761,0.3004355267539751,-0.2918400696374413,-0.21963330767397268,-0.33165956859063755,1
762,1.6657450324543093,-0.35909833882755954,-0.21796659827494483,0.12890909285597565,4
763,-0.7840103092022902,0.24622608388350475,0.13506360792723654,-0.2750352335318571,4
764,-0.8542262266383074,-0.15732353125720477,1.0783919675096387,0.8131276438574504,3
765,2.7813979428265823,-0.49361487720779607,-0.2572277535386313,-0.00044776170646800966,1
766,-0.5187501766662254,-0.42635660801767783,-0.19266806514651053,-0.1618543839764515,1
767,1.0181982383221508,-0.35909833882755954,-0.1530072426890263,-0.2987601036087222,4
768,-0.26129181273416235,-0.22458180044732304,-0.04722065395127814,-0.13874504168761095,4
769,-0.6903890859542673,-0.49361487720779607,-0.24102150612660891,0.11307298120322196,1
770,-0.8074156150142959,0.11170954550326825,-0.02417089202914793,-0.13441604801072338,4
771,2.804803248638588,-0.35909833882755954,-0.22278261654870524,-0.1531162711573686,4
772,-0.3315077301701795,-0.35909833882755954,-0.13990170370613872,-0.17545273859418023,1
773,-0.33930949877418143,-0.22458180044732304,-0.15509534653988383,-0.08316334377177394,4
774,-0.8620279952423093,0.8515505065945691,0.046151665670966555,-0.2847892030284177,0
775,0.14440015467393694,0.582517429834096,0.2862521611724308,-0.03236449099561598,2
776,-0.7684067719942864,0.7170339682143325,-0.02063849728911569,-0.2068112607594883,2
777,-0.7371996975782787,-0.42635660801767783,-0.14422428451459518,-0.18212272954112602,1
778,-0.893235069658317,1.3223583909253969,0.43905253390162474,-0.2753301907897091,0
779,-0.5265519452702272,-0.2918400696374413,-0.12824502977201158,-0.19551803974027956,1
780,-0.8464244580343055,0.11170954550326825,-0.16420364181484556,-0.16126301717960034,2
781,-0.3159041929621757,0.04445127631314999,-0.06748989861527029,-0.10119922662895328,2
782,1.1742336104021889,-0.2918400696374413,-0.21192584877212178,-0.15291847302634284,0
783,-0.7528032347862826,-0.35909833882755954,-0.22679129565559517,-0.2632833833848009,1
784,-0.9166403754703227,0.17896781469338652,0.12298954193091721,-0.11447768010706072,0
785,0.09758954304992548,-0.35909833882755954,-0.21197387744777133,-0.1927172483680199,1
786,-0.9088386068663208,-0.15732353125720477,-0.10802095493392788,-0.10966878373781125,4
787,0.23021960931795793,-0.42635660801767783,-0.1963028067072721,-0.19870330091019647,4
788,-0.7918120778062921,-0.22458180044732304,-0.07946218956080855,0.24966737558729354,0
789,-0.4095254162101986,-0.35909833882755954,0.1124066519595256,17.652730823218285,2
790,-0.8152173836182979,0.4480008914538595,0.7319394027916482,0.7080654209148018,0
791,-0.03504052321810697,-0.42635660801767783,-0.24123877870692817,-0.336777769758691,4
792,-0.9166403754703227,0.9188087757846873,0.4406975160426206,0.008403581341390388,0
793,-0.7450014661822807,-0.022806992876968267,-0.1686588732512864,0.2213551505005462,4
794,-0.08965290344612033,-0.22458180044732304,-0.21279836971308802,-0.31347978723227354,4
795,0.18340899769394647,-0.15732353125720477,-0.14249067803162693,-0.29786157114599454,4
796,-0.8776315324503131,0.17896781469338652,-0.09311319707428706,-0.16622953488338543,0
797,-0.8542262266383074,0.6497756990242143,1.1878247332071126,0.7019399528415818,0
798,1.6501414952463054,-0.42635660801767783,-0.2181198326210647,-0.12902973341526186,1
799,-0.37051657319018905,-0.42635660801767783,-0.20159853996757945,-0.2165144731698108,1
800,-0.3081024243581738,-0.22458180044732304,-0.15598787942903733,-0.22165507505268528,4
801,-0.6435784743302558,0.17896781469338652,0.04498982913620685,-0.1771450933976635,0
802,-0.1364635150701318,-0.35909833882755954,-0.18177813471293097,-0.08581948124473608,1
803,-0.7996138464102941,-0.42635660801767783,-0.23494130449735948,-0.14442674126384603,4
804,-0.8308209208263017,-0.2918400696374413,-0.07351177970980244,0.08839810390916429,4
805,-0.8854333010543151,1.6586497368759883,2.0058909332528825,0.48760161430775933,3
806,0.18340899769394647,-0.2918400696374413,-0.18635172252865098,0.09894184317134153,4
807,-0.3081024243581738,-0.42635660801767783,-0.02274890016795334,0.2547557569016394,1
808,1.6111326522262959,-0.2918400696374413,-0.12211508415726798,-0.11014984187002824,4
809,1.509709660374271,-0.42635660801767783,-0.22655915705662255,-0.17924540426586774,1
810,-0.5343537138742291,0.582517429834096,0.16177612813759057,-0.2097208454712057,2
811,1.525313197582275,-0.35909833882755954,-0.21084348826016305,-0.27960693137581405,4
812,1.0181982383221508,-0.2918400696374413,-0.06824520671685376,-0.002804010061987841,0
813,-0.8776315324503131,-0.15732353125720477,-0.12405224074179846,-0.1754294483224444,4
814,-0.18327412669414325,-0.15732353125720477,-0.19640000759846754,-0.2736834026581722,4
815,-0.5733625568942387,-0.49361487720779607,-0.24037940847477077,-0.19198018739075257,1
816,-0.7293979289742769,1.860424544446343,0.47483103841077307,0.3592305957295945,0
817,-0.8074156150142959,0.31348435307362305,-0.08817882242124749,-0.1750974865165887,0
818,1.946608702198378,-0.35909833882755954,-0.1391824171112924,-0.14526920192737477,1
819,-0.713794391766273,0.7842922374044509,0.11575207792649367,-0.16472101142844406,0
820,-0.4173271848142005,0.04445127631314999,-0.10692487194321214,-0.14922854889205786,0
821,1.681348569662313,-0.35909833882755954,-0.19448171942222794,-0.327569661475545,4
822,-0.7684067719942864,-0.35909833882755954,-0.21856581318066737,-0.34937885062785323,1
823,-0.5187501766662254,0.4480008914538595,-0.007088121286521854,-0.04745075662190234,0
824,-0.9010368382623188,11.142065692682662,1.3800023304994793,-0.3491461920161312,3
825,0.5110832790620267,-0.2918400696374413,-0.22326804923473426,-0.27796513280660345,4
826,-0.8854333010543151,-0.22458180044732304,-0.16972922659433276,-0.271224094933352,4
827,0.011770088405904485,-0.2918400696374413,-0.179123978613347,0.2217337744068387,1
828,-0.8308209208263017,0.11170954550326825,0.20963613165238498,-0.11778373045217795,2
829,1.7749697929103359,-0.35909833882755954,-0.2270200036348786,-0.20080477592199553,1
830,-0.8230191522222998,2.600265505537644,1.1869064706702896,0.07240404096743017,3
831,-0.3939218790021948,0.11170954550326825,-0.006384272480277191,0.22625526953315692,2
832,1.3770795941062386,-0.35909833882755954,-0.20646887638641964,-0.31341807114875586,1
833,-0.9010368382623188,-0.15732353125720477,-0.1687732272409281,0.03893667186834115,4
834,1.767168024306334,-0.42635660801767783,-0.21263941766748604,-0.10089392935768098,1
835,1.6111326522262959,-0.22458180044732304,-0.18780802058673807,-0.27054208239979793,1
836,-0.635776705726254,-0.42635660801767783,-0.1736887334856768,0.22302037100847255,4
837,0.10539131165392739,-0.42635660801767783,-0.20661239064342,-0.33904849230286643,1
838,0.2926337581499732,-0.42635660801767783,-0.20191930290852442,0.0031847427938986503,1
839,-0.635776705726254,-0.022806992876968267,-0.13984567025121428,-0.1515785421556808,4
840,1.9310051649903741,-0.15732353125720477,-0.21280237210272546,0.30907664362914783,1
841,-0.713794391766273,0.5152591606439778,0.05375849306193275,-0.1382690399564255,2
842,0.5734974278940419,-0.22458180044732304,-0.15550702090259397,-0.023410603194470653,4
843,0.5734974278940419,-0.42635660801767783,-0.21540392536707423,-0.19151227921456637,1
844,-0.4173271848142005,-0.49361487720779607,-0.21542736793495076,0.061027897416329295,1
845,-0.7840103092022902,-0.022806992876968267,0.5322653297083192,3.3497991935259543,2
846,-0.24568827552615852,-0.49361487720779607,-0.23328774580714043,-0.24946571876131265,1
847,0.08978777444592358,-0.35909833882755954,-0.17324160938617775,-0.2836577056847324,1
848,-0.7840103092022902,0.17896781469338652,-0.03067248811022705,-0.15730030601174094,0
849,-0.7918120778062921,-0.2918400696374413,-0.21554915493391918,-0.3270494834222071,4
850,-0.2846971185461681,-0.42635660801767783,-0.18581311523743854,-0.15987806991371248,1
851,1.4707008173542615,-0.42635660801767783,-0.2386263618135634,-0.35715497621655556,4
852,-0.8464244580343055,1.1878418525451604,0.22616714439498986,0.07402750246821087,2
853,0.5188850476660286,-0.42635660801767783,-0.2121202505545127,-0.16507809208879531,4
854,-0.6981908545582692,0.11170954550326825,0.015771813012803088,-0.14950293885493077,2
855,-0.40172364760619667,-0.42635660801767783,-0.23492014900927574,-0.14420400336847358,1
856,-0.17547235809014133,0.04445127631314999,0.009095827097520357,-0.275555123185375,4
857,-0.7684067719942864,0.5152591606439778,0.30136003851394455,0.69133914069438,2
858,-0.29249888715017,-0.35909833882755954,-0.07746499713171619,0.21858795464749614,4
859,-0.03504052321810697,-0.42635660801767783,-0.2182999401547504,-0.24971137127887685,1
860,1.5565202719982825,-0.35909833882755954,-0.21283553475972153,-0.015845323113040093,4
861,-0.6747855487462635,-0.022806992876968267,-0.16387315878478106,-0.2713528100505897,4
862,-0.1520670522781356,-0.35909833882755954,-0.19083668600239861,-0.021957158466382503,4
863,0.7685416429940897,-0.22458180044732304,-0.16806537604504596,-0.2666497261264875,2
864,-0.47193956504221385,0.31348435307362305,0.33856625258376954,0.07180026240787996,2
865,-0.8776315324503131,-0.35909833882755954,-0.22925104997278828,-0.2944307283359899,1
866,-0.8074156150142959,-0.15732353125720477,-0.11949294717478369,-0.31547277159804743,1
867,-0.9010368382623188,0.04445127631314999,-0.17567620582564963,1.1677708229927741,4
868,-0.5577590196862349,-0.15732353125720477,-0.09387479464530081,0.02385324367582257,1
869,0.5188850476660286,-0.15732353125720477,-0.07906137882711439,-0.3015041837218571,4
870,-0.8620279952423093,0.9188087757846873,0.054663033119998615,-0.3544832272003197,2
871,2.2508776777544526,-0.42635660801767783,-0.24160242439398877,-0.10758709735786574,1
872,-0.5733625568942387,-0.2918400696374413,-0.2080429590538377,-0.18763402300266901,1
873,1.6579432638503073,-0.49361487720779607,-0.2340173242610545,-0.3159013942481929,4
874,-0.3861201103981929,0.6497756990242143,1.2407643409417914,0.3964314066604445,0
875,1.7359609498903263,0.17896781469338652,0.060994298933506455,-0.14747038519892447,2
876,1.6657450324543093,-0.42635660801767783,-0.2178236557878927,-0.14919854950885228,4
877,-0.7684067719942864,-0.22458180044732304,-0.13542760386140704,-0.1317273055585779,1
878,-0.7293979289742769,0.8515505065945691,0.3472988950027583,0.22495696846733734,0
879,-0.6981908545582692,-0.022806992876968267,-0.15220333414184511,-0.11670114074020388,4
880,-0.7918120778062921,0.24622608388350475,0.09178519700743705,0.18589423587695342,4
881,-0.8776315324503131,-0.5608731463979143,-0.2290114783644889,-0.0502665176408156,1
882,-0.8464244580343055,-0.22458180044732304,-0.14963723061428527,-0.19477680534731626,4
883,-0.6981908545582692,0.4480008914538595,0.3852678501834936,1.5901869900872414,2
884,-0.6045696313102463,-0.35909833882755954,-0.0266843927214726,3.125949497286243,1
885,0.011770088405904485,-0.35909833882755954,-0.1212231230380627,-0.1593437954656448,1
886,-0.30030065575417186,0.3807426222637413,-0.09711215609205746,-0.18079635228567506,0
887,-0.4797413336462158,-0.35909833882755954,-0.20997668501867892,-0.0834668448352274,1
888,-0.6981908545582692,0.31348435307362305,-0.12910268469432434,-0.17561362237167633,2
889,-0.30030065575417186,-0.49361487720779607,-0.24675006923771015,0.005696342738518744,1
890,-0.1520670522781356,0.11170954550326825,-0.15611138173785036,-0.00012317821604712856,0
891,-0.4251289534182024,-0.15732353125720477,-0.18831803938054004,-0.11824325375368182,4
892,-0.6903890859542673,1.3223583909253969,0.26801269982457887,-0.3362525736750043,0
893,-0.7528032347862826,2.802040313107999,0.804407241337441,-0.10699197311733437,3
894,2.4147148184384926,2.4657489671574075,0.5716711427689024,-0.23468937495264372,3
895,-0.5109484080622234,-0.2918400696374413,-0.07499437918550717,-0.1537440732253312,1
896,0.6125062709140515,-0.42635660801767783,-0.1377404133019105,3.3053919617527874,1
897,-0.47193956504221385,0.17896781469338652,-0.09050535434050797,-0.16079489228187688,2
898,2.1494546859024277,-0.35909833882755954,-0.23521461053260317,-0.17820742053520808,1
899,-0.5265519452702272,-0.2918400696374413,-0.209834314301575,-0.1476082812018012,4
900,1.501907891770269,-0.15732353125720477,-0.1669807284532944,-0.3017144906680217,1
901,1.0260000069261526,-0.2918400696374413,0.2792719936447011,0.5984118397305327,3
902,-0.6981908545582692,-0.2918400696374413,-0.20071401185770085,-0.32924619042677084,1
903,-0.1442652836741337,-0.15732353125720477,-0.1725829304058415,-0.29598745242244257,0
904,1.4082866685222462,-0.42635660801767783,-0.2196824798895186,-0.2984108662836299,1
905,-0.893235069658317,-0.09006526206708652,-0.1479756671447913,-0.25076022412002563,1
906,2.102644074278416,-0.15732353125720477,-0.1812641135294915,-0.17482436878977883,4
907,2.126049380090422,0.11170954550326825,-0.18172324479790294,-0.2681054538671352,0
908,0.34724613837798657,-0.09006526206708652,-0.008969816186076148,0.06476628209271557,0
909,0.07418423723791975,-0.22458180044732304,-0.23687445869225252,-0.3175369398006095,1
910,-0.01943698601010315,0.11170954550326825,-0.21259539138147396,0.6428187328616233,2
911,-0.6045696313102463,-0.022806992876968267,-0.1521364370579047,-0.3047194631449329,2
912,-0.30030065575417186,-0.09006526206708652,-0.14744963879243944,-0.20587184113340987,0
913,0.8855681720541183,-0.42635660801767783,-0.1991073383032349,1.7139675389590594,1
914,-0.8620279952423093,0.582517429834096,0.0071844001606593,-0.2656870796808842,0
915,-0.47193956504221385,-0.09006526206708652,0.01496618915577727,-0.3207279789758757,4
916,-0.893235069658317,-0.09006526206708652,-0.05191602876596653,-0.07588823438052902,4
917,1.4472955115422557,-0.22458180044732304,-0.21503399021058334,1.4260229097183508,4
918,1.3146654452742232,-0.49361487720779607,-0.23607340899481236,-0.33129968087270417,1
919,-0.8542262266383074,-0.42635660801767783,-0.18468043897003744,-0.21516107290239564,1
920,-0.9088386068663208,-0.2918400696374413,-0.19946355098096882,-0.1722227923922994,1
921,-0.5811643254982406,-0.15732353125720477,-0.19774252343686116,-0.24772281292215903,1
922,-0.9088386068663208,-0.22458180044732304,0.0058596091906601465,-0.1282955946631748,4
923,-0.5889660941022425,-0.49361487720779607,-0.17852876609726195,-0.15685933106230646,1
924,1.8841945533663627,-0.42635660801767783,-0.19233072087706748,-0.19453546352499815,1
925,1.7593662557023322,-0.35909833882755954,-0.2278199097924223,-0.10933487207409082,4
926,-0.11305820925812606,-0.35909833882755954,-0.2034939573458907,-0.16796299887216,1
927,-0.6201731685182501,0.17896781469338652,-0.10214030101660322,-0.22126769712072117,0
928,-0.7371996975782787,0.11170954550326825,-0.02651400527690646,-0.18276040675788743,2
929,-0.19107589529814514,-0.5608731463979143,-0.24681067685222022,-0.19166844554849052,1
930,0.5344885848740324,-0.35909833882755954,-0.1913575684252166,-0.22868306913443903,1
931,-0.7450014661822807,-0.22458180044732304,-0.14680010813127456,-0.08295913290835132,4
932,-0.721596160370275,0.4480008914538595,-0.058056838009726074,-0.27960611054242535,2
933,0.40966028721000186,-0.15732353125720477,-0.15987191268721784,0.21063428892907346,4
934,-0.1520670522781356,-0.09006526206708652,-0.16071241451108437,-0.30562324845131206,4
935,-0.7762085405982884,-0.15732353125720477,-0.16420078296510454,-0.3049589174306336,1
936,-0.7450014661822807,-0.49361487720779607,-0.24179053670694936,-0.12965568208407038,1
937,-0.7293979289742769,-0.22458180044732304,-0.08339882565422424,-0.13640790339665954,1
938,-0.9166403754703227,0.8515505065945691,0.2098757032606844,-0.06985206900319046,0
939,1.6267361894342995,-0.35909833882755954,-0.19949213947837924,-0.15065813488404634,1
940,-0.635776705726254,-0.49361487720779607,-0.2477621020460392,-0.17501221995710012,1
941,-0.26129181273416235,-0.022806992876968267,-0.22796799820900834,-0.34184587068553957,0
942,-0.9010368382623188,-0.022806992876968267,0.30949632487695183,2.2920480904606633,4
943,-0.5655607882902368,-0.022806992876968267,0.014784938082195165,-0.23486281733722622,0
944,-0.7840103092022902,-0.2918400696374413,-0.11230008122632047,0.20426102677979,1
945,1.3926831313142423,-0.2918400696374413,-0.11539278487618036,-0.14032024647194444,0
946,-0.19107589529814514,-0.22458180044732304,-0.19425987268232303,-0.309358212053808,4
947,0.44866913023001137,-0.49361487720779607,-0.24287918668833838,-0.18860583645168225,1
948,0.5578938906860381,-0.022806992876968267,0.343250763769442,-0.12323519571216493,0
949,-0.23008473831815468,-0.2918400696374413,0.1013074537249018,-0.12868856395919853,0
950,1.6579432638503073,-0.2918400696374413,-0.06939446431275288,0.23718830585243034,4
951,-0.8854333010543151,-0.15732353125720477,-0.01270861987741165,-0.10403495038287834,1
952,-0.7918120778062921,0.4480008914538595,0.16649723259994834,-0.16345811034349952,2
953,-0.7684067719942864,-0.022806992876968267,-0.16680347976934976,-0.28673418328207756,1
954,0.41746205581400375,-0.2918400696374413,-0.1476480429644678,-0.29296647272714665,1
955,1.4707008173542615,-0.35909833882755954,-0.1901562797640305,-0.1905096434628049,1
956,-0.8542262266383074,-0.2918400696374413,-0.18425904451820777,-0.06608763129338821,1
957,0.12099484886193121,-0.15732353125720477,-0.18554895752136621,-0.13096022257010104,1
958,1.4082866685222462,0.04445127631314999,0.0062655658538881675,0.0566669539509043,0
959,0.17560722908994458,-0.42635660801767783,-0.21119341146846668,-0.3283420234671932,1
960,-0.6123713999142483,-0.15732353125720477,-0.14096405226991016,-0.3421251002348322,1
961,-0.7371996975782787,-0.42635660801767783,-0.23043347022568347,-0.3419533556551103,1
962,-0.7762085405982884,-0.15732353125720477,-0.11684450877468182,-0.1451757341866887,4
963,-0.7762085405982884,0.5152591606439778,0.010467503203272645,-0.1449507735962688,0
964,-0.713794391766273,0.04445127631314999,0.0044204642310192895,-0.1335982629669926,4
965,-0.1364635150701318,-0.35909833882755954,-0.14411164583479807,-0.12715865728534467,1
966,-0.8620279952423093,0.5152591606439778,-0.0027272318915354736,0.35596371380790354,0
967,-0.36271480458618716,0.8515505065945691,0.19517378258239862,-0.25922470976994577,2
968,-0.45633602783421007,-0.22458180044732304,-0.02541620697634608,-0.12300642530324186,1
969,0.42526382441800564,-0.2918400696374413,-0.23047578120185092,1.0463830228967337,1
970,-0.893235069658317,-0.35909833882755954,-0.21400194545406692,0.12281344027773362,4
971,0.5110832790620267,-0.49361487720779607,-0.21225290118249707,-0.22909361014416801,1
972,0.5032815104580247,-0.49361487720779607,-0.2376337691834734,-0.1617584311348483,1
973,-0.8776315324503131,0.04445127631314999,-0.061641835584993504,-0.22834057170399552,0
974,0.12879661746593313,-0.2918400696374413,-0.19667217009381482,-0.2328563769953984,4
975,2.219670603338445,-0.35909833882755954,-0.21487275108518852,-0.30853565811550954,4
976,-0.26129181273416235,0.11170954550326825,-0.0891815925564156,-0.08294676704582157,4
977,1.9778157766143856,-0.2918400696374413,-0.17381166402454162,0.49918343732953735,4
978,-0.02723875461410506,-0.49361487720779607,-0.22361911598293432,-0.19093230683752305,1
979,-0.9010368382623188,-0.15732353125720477,-0.19742347580576078,-0.172092584296575,1
980,0.5344885848740324,-0.09006526206708652,0.5272834981495783,1.1113090726171437,0
981,-0.8620279952423093,1.1878418525451604,0.47453371803770455,-0.23566451368361405,0
982,2.094842305674414,-0.49361487720779607,-0.23114932620084055,0.06116635610804728,4
983,0.03517539421791021,1.2551001217352786,0.13278053052403996,-0.16766917873934542,0
984,-0.893235069658317,-0.22458180044732304,-0.19125059026790678,-0.02428809444160734,4
985,-0.8230191522222998,-0.22458180044732304,-0.18054253985485236,-0.29388586316492066,1
986,0.1912107662979484,0.11170954550326825,-0.045246904090062316,-0.055391990130291564,0
987,-0.7293979289742769,-0.35909833882755954,-0.21851035149569115,-0.16622671722932683,1
988,1.7437627184943283,-0.49361487720779607,-0.2163341950728095,-0.2792825351265364,1
989,-0.3861201103981929,-0.15732353125720477,0.0054502219077428,-0.06491984751633675,4
990,-0.3939218790021948,-0.42635660801767783,-0.2277621610276533,-0.2845627272972104,1
991,0.44866913023001137,-0.42635660801767783,-0.20444195192002043,-0.1315508354269607,4
992,-0.30030065575417186,-0.15732353125720477,-0.052989812728702144,-0.3233665294947244,4
993,-0.4797413336462158,0.31348435307362305,0.08154079484538487,0.8796324609432038,0
994,0.394056750001998,-0.35909833882755954,-0.1474193349851844,-0.1489144627433208,1
995,0.3706514441899923,-0.49361487720779607,-0.2371151738404483,-0.3348528039193269,1
996,-0.03504052321810697,-0.2918400696374413,-0.20271234782668965,-0.16002769748837314,4
997,-0.6981908545582692,1.1205835833550422,0.2774240331720911,-0.17066700694327802,2
998,-0.8386226894303036,0.7170339682143325,0.08980229882704988,-0.03626776699690908,0
999,-0.26129181273416235,-0.35909833882755954,-0.19707183728761257,-0.17826067387817657,4
1000,-0.6825873173502655,-0.35909833882755954,-0.22863582550851588,-0.2715550081900288,1
1001,-0.30030065575417186,-0.15732353125720477,-0.1701145995394253,-0.14445847602571588,4
1002,-0.8464244580343055,-0.22458180044732304,-0.19881516385970033,-0.1882459984322971,1
1003,-0.8620279952423093,0.11170954550326825,-0.061011173332119514,-0.3002983114897336,0
1004,0.17560722908994458,-0.2918400696374413,-0.203689502668178,0.6459519659133679,4
1005,-0.37051657319018905,-0.35909833882755954,-0.2060103168879564,-0.14508905786282725,1
1006,1.0338017755301545,-0.2918400696374413,-0.16575771253407637,-0.34171437506848495,4
1007,1.3614760568982347,-0.42635660801767783,-0.21420034962609527,-0.27452154976133336,4
1008,3.070063381174653,-0.42635660801767783,-0.1695222458730813,-0.18283721011673604,4
1009,-0.8854333010543151,-0.022806992876968267,-0.14954803450236473,-0.18712410612590605,2
1010,-0.9010368382623188,0.4480008914538595,0.13956801157922333,-0.1317495155525765,2
1011,-0.6825873173502655,0.3807426222637413,0.1301280897343006,-0.20530737372517555,0
1012,-0.6747855487462635,-0.42635660801767783,-0.2184343060925794,-0.1311450745387315,0
1013,2.219670603338445,-0.22458180044732304,-0.20000501712192228,-0.37305041609380646,0
1014,-0.9088386068663208,11.142065692682662,2.9380697216682234,-0.3380342655041869,3
1015,1.8841945533663627,-0.35909833882755954,-0.23354504228383427,0.08981665462508209,4
1016,1.4472955115422557,-0.35909833882755954,-0.1991742353871753,-0.07677940909291844,1
1017,-0.7606050033902845,0.582517429834096,0.8563210937850337,0.8087787608638326,2
1018,-0.08965290344612033,-0.42635660801767783,-0.11031203711639942,0.9851065312766385,1
1019,0.011770088405904485,-0.42635660801767783,-0.2232360301176346,-0.3133255120982432,1
1020,-0.5187501766662254,-0.09006526206708652,-0.16296976226661158,-0.04552688294597142,1
1021,-0.3939218790021948,0.17896781469338652,-0.03680757965450449,-0.18148548515129717,0
1022,-0.7450014661822807,-0.09006526206708652,-0.06996737780085782,3.782684246412359,0
1023,-0.8620279952423093,-0.42635660801767783,-0.2160185780613984,-0.15778628503088615,1
1024,-0.7918120778062921,-0.2918400696374413,-0.18298685638344378,0.3685100370491045,4
1025,-0.7840103092022902,-0.42635660801767783,-0.24024904492657917,0.2907110871634087,1
1026,-0.7762085405982884,0.8515505065945691,0.1332453794919335,-0.18191497295825715,0
1027,-0.7450014661822807,-0.35909833882755954,-0.18158144585074723,-0.19754370936705812,1
1028,0.3784532127939942,-0.2918400696374413,-0.1777059891417899,-0.2531460401153656,4
1029,2.6409661079545477,-0.42635660801767783,-0.20807440640098918,-0.1917588080630854,4
1030,-0.4797413336462158,-0.35909833882755954,-0.175863746368662,-0.21383432465439012,1
1031,-0.8074156150142959,-0.35909833882755954,-0.1328094692685602,-0.18581113007884928,4
1032,-0.893235069658317,1.7259080060661065,0.13961089432533896,-0.3026871838585819,2
1033,-0.9010368382623188,-0.15732353125720477,-0.1507676198018935,0.12792039964164553,4
1034,-0.46413779643821196,-0.22458180044732304,-0.18779315456808465,-0.22541633729177604,1
1035,0.7997487174100973,0.11170954550326825,-0.04092489505155408,0.18951441654219633,0
1036,-0.8464244580343055,-0.15732353125720477,-0.1387461566408093,-0.14917983887483632,4
1037,1.6267361894342995,-0.42635660801767783,-0.23157701012210052,-0.3159639181731204,1
1038,-0.7684067719942864,0.4480008914538595,0.2573932165765019,0.3640546341477498,2
1039,-0.01943698601010315,-0.22458180044732304,-0.22157446664814062,-0.20941202722453903,1
1040,1.7437627184943283,-0.42635660801767783,-0.15236342972734349,-0.16774374150993812,1
1041,1.6111326522262959,-0.42635660801767783,-0.23561656480619375,-0.3470114227922894,4
1042,-0.7293979289742769,1.59139146768587,0.4128328793866265,-0.1938426164821318,0
1043,-0.9088386068663208,0.582517429834096,-0.03742166057888046,-0.32563289956211605,0
1044,2.5005342730825135,-0.15732353125720477,-0.09660270906820367,1.2401190396383,0
1045,-0.17547235809014133,-0.35909833882755954,-0.20156480554063513,-0.19833460219702315,1
1046,-0.5889660941022425,-0.15732353125720477,-0.22066306535069624,-0.1384515177231209,4
1047,0.7217310313700782,-0.42635660801767783,-0.22114449564708782,-0.03244279618866623,1
1048,0.3628496755859904,-0.35909833882755954,-0.22089177332997964,-0.22633904492994233,4
1049,-0.1520670522781356,0.24622608388350475,-0.12607630635845665,-0.23204870434413288,0
1050,-0.9088386068663208,0.582517429834096,-0.12037575997481766,-0.3346358597319765,1
1051,-0.9088386068663208,0.9860670449748056,0.28741800009682794,0.0800912827361163,2
1052,0.7997487174100973,-0.35909833882755954,-0.21123858129437514,-0.255584669877304,4
1053,-0.6903890859542673,0.11170954550326825,-0.08509526709055892,3.449653331369163,1
1054,-0.6435784743302558,-0.42635660801767783,-0.17109461323065472,-0.11804660833523768,1
1055,0.5110832790620267,-0.022806992876968267,-0.14037055506366972,-0.25768679713523973,0
1056,-0.6981908545582692,0.31348435307362305,0.04083420515262729,-0.13647708469994688,4
1057,0.3004355267539751,-0.35909833882755954,-0.23548562948805402,0.09273493781975403,4
1058,-0.6201731685182501,-0.22458180044732304,-0.1815985989491935,-0.2217620925502395,2
1059,-0.6435784743302558,-0.22458180044732304,-0.16479885433093067,-0.16819783154686715,0
1060,0.737334568578082,-0.42635660801767783,-0.14473773392808642,0.3868607586550167,4
1061,1.6501414952463054,-0.42635660801767783,-0.20958673791400073,-0.2156795647774126,1
1062,0.12879661746593313,-0.15732353125720477,0.04621741921501051,-0.009060194973277548,4
1063,-0.6435784743302558,-0.42635660801767783,-0.2124964751804339,-0.17218557689011973,1
1064,-0.7996138464102941,0.5152591606439778,0.03790216885821399,-0.09803745564408319,0
1065,-0.8620279952423093,-0.42635660801767783,-0.14925986244846762,-0.060201796307245356,1
1066,-0.46413779643821196,-0.35909833882755954,-0.07528483831919709,2.791176160525193,4
1067,-0.8776315324503131,-0.15732353125720477,-0.14645075669291915,-0.2071999018108959,4
1068,-0.8776315324503131,-0.15732353125720477,-0.05397440057951721,-0.052459066923642134,4
1069,1.1586300731941852,-0.35909833882755954,-0.1365585648189635,2.0890669696829804,1
1070,0.4018585186059999,-0.09006526206708652,-0.09811275350142239,-0.26716032314575666,0
1071,-0.1442652836741337,0.11170954550326825,-0.06087051792486022,0.4336202368294996,2
1072,2.258679446358454,-0.42635660801767783,-0.18519960608301078,0.2876208717471528,1
1073,-0.6435784743302558,2.2639741595870526,0.788092357635259,-0.09078666470624173,3
1074,-0.6981908545582692,-0.2918400696374413,-0.12350162628167365,-0.005104076227947877,4
1075,2.804803248638588,-0.42635660801767783,-0.19252455088951018,-0.18276860686281143,1
1076,-0.5343537138742291,-0.15732353125720477,-0.1484542385914418,-0.16813382453077313,4
1077,-0.03504052321810697,-0.15732353125720477,-0.1780027377449101,-0.20445425554369975,4
1078,0.8777664034501164,-0.42635660801767783,-0.21963102059417985,-0.32643762521165715,1
1079,1.3926831313142423,-0.15732353125720477,-0.1870973105411149,-0.16774239901214102,0
1080,-0.4953448708542196,-0.5608731463979143,-0.24256299790697908,0.3149611380271633,1
1081,-0.9088386068663208,-0.22458180044732304,-0.06669628192715686,-0.08202448054180232,1
1082,-0.9088386068663208,-0.09006526206708652,-0.07418017877925821,-0.32183441520485057,4
1083,-0.7450014661822807,-0.15732353125720477,-0.03480352598603363,-0.10787770503890985,1
1084,-0.8854333010543151,0.31348435307362305,0.016416769514382288,0.026280231269781316,0
1085,0.4642726674380152,-0.35909833882755954,-0.18977891159821283,-0.16995087008896861,1
1086,-0.9088386068663208,0.04445127631314999,-0.0764392418446301,-0.1700284678172941,1
1087,-0.8308209208263017,-0.35909833882755954,-0.22674841290947953,-0.19323465035318543,1
1088,-0.17547235809014133,-0.42635660801767783,-0.2159579704468883,-0.14455210657928202,1
1089,1.4394937429382537,-0.2918400696374413,-0.18855761098883944,-0.1854158210674949,1
1090,0.3004355267539751,-0.22458180044732304,-0.15077219396147917,0.6492059581821131,4
1091,-0.8386226894303036,-0.2918400696374413,-0.07976351232351445,0.11262461229389693,4
1092,-0.635776705726254,1.2551001217352786,0.20952978244201828,-0.27828243397512387,2
1093,-0.6903890859542673,-0.49361487720779607,-0.2574364495697274,-0.02571647294500524,1
1094,-0.721596160370275,-0.5608731463979143,-0.22732418524732553,-0.1368295730487099,1
1095,-0.8776315324503131,-0.49361487720779607,-0.21040779955962816,-0.18114700506706743,1
1096,-0.6201731685182501,1.1205835833550422,0.15728087280477518,-0.1209281557995718,0
1097,0.8855681720541183,0.31348435307362305,-0.15303926180612598,-0.348653357618907,4
1098,-0.8074156150142959,-0.49361487720779607,-0.24229140718158004,-0.34565773141534345,1
1099,-0.02723875461410506,-0.22458180044732304,-0.1857845267400281,-0.09706277932738398,4
1100,-0.8620279952423093,-0.09006526206708652,-0.11674787965343458,-0.14074021342030443,4
1101,-0.5733625568942387,-0.22458180044732304,-0.1302599470694984,-0.14979000470456644,2
1102,0.5656956592900401,-0.2918400696374413,-0.11919734211155987,-0.15950063390680616,4
1103,-0.18327412669414325,-0.35909833882755954,-0.08755044724816632,-0.1338020668902046,1
1104,-0.635776705726254,-0.15732353125720477,-0.201408140574826,-0.26873832094218414,1
1105,1.3848813627102405,-0.42635660801767783,-0.11814528540685622,-0.3305499113795964,4
1106,-0.12085997786212797,-0.2918400696374413,-0.22461399569281712,-0.33432551248537423,1
1107,1.416088437126248,-0.2918400696374413,-0.05209785160949683,-0.18865969057581516,0
1108,-0.058445829030112695,-0.15732353125720477,-0.19613184749275775,-0.2095495353989226,4
1109,1.4628990487502596,-0.42635660801767783,-0.16476969406357206,-0.16546670138415032,1
1110,-0.7528032347862826,0.31348435307362305,0.06902589421899677,-0.1939838635299924,0
1111,2.258679446358454,-0.2918400696374413,-0.18913223978678903,-0.21137573266968757,0
1112,-0.8386226894303036,0.9188087757846873,0.22619687643229672,-0.17647864885400016,0
1113,1.6579432638503073,-0.35909833882755954,-0.19755155227415952,-0.36896707307958315,1
1114,-0.3939218790021948,-0.35909833882755954,-0.19162172614128894,-0.18613983424439315,1
1115,-0.8308209208263017,-0.2918400696374413,-0.060333054173544204,-0.15292071830242482,1
1116,1.501907891770269,-0.15732353125720477,-0.20378441647958062,-0.1930170034297612,2
1117,-0.6903890859542673,-0.15732353125720477,-0.17884381133872482,-0.28217402923404045,1
1118,-0.4953448708542196,-0.35909833882755954,-0.12275203587957227,-0.30154737950418076,1
1119,-0.6825873173502655,0.04445127631314999,0.05333938568989591,-0.2301298445540307,0
1120,-0.8620279952423093,1.1205835833550422,0.3282349413895898,-0.08272159461248307,0
1121,0.17560722908994458,-0.2918400696374413,-0.14364908394669737,0.16310021008836498,4
1122,-0.26129181273416235,0.3807426222637413,-0.25108008305549323,-0.3448868338036426,0
1123,-0.9166403754703227,-0.49361487720779607,-0.18721166453075658,-0.2059041709581487,1
1124,-0.8698297638463113,-0.49361487720779607,-0.2120676477192775,-0.18444035886554866,1
1125,1.7047538754743188,-0.42635660801767783,-0.20192330529816188,-0.030758988812303076,1
1126,-0.19887766390214706,0.3807426222637413,0.29755891189825423,0.22248836584951423,2
1127,0.44866913023001137,-0.49361487720779607,-0.24881930468027677,-0.2786772060782961,1
1128,1.9310051649903741,-0.49361487720779607,-0.2463784187713746,-0.3265002295880635,4
1129,-0.9088386068663208,0.31348435307362305,-0.10517068174210839,-0.2589024542003758,2
1130,-0.8542262266383074,-0.022806992876968267,-0.184772493931699,-0.3163412668611124,0
1131,-0.058445829030112695,-0.2918400696374413,-0.19385162893930216,0.0903811400605478,4
1132,-0.7840103092022902,0.04445127631314999,-0.012913885288818518,-0.3255913407416945,2
1133,1.5643220406022844,-0.2918400696374413,-0.16116925869970297,1.9939389255381208,2
1134,0.15220192327793886,-0.2918400696374413,-0.15108495212314924,-0.18238855537357263,1
1135,-0.18327412669414325,-0.2918400696374413,-0.1284886037699484,-0.20457504253397482,4
1136,-0.5577590196862349,-0.35909833882755954,-0.22702514956441247,-0.17562651293098933,1
1137,-0.7293979289742769,-0.022806992876968267,-0.08000537101160665,-0.25945470035509693,2
1138,-0.5187501766662254,-0.35909833882755954,-0.2078885811678214,-0.27156699296234565,1
1139,-0.0662475976341146,-0.49361487720779607,-0.23274342081644592,-0.32735952184165945,1
1140,-0.9166403754703227,-0.49361487720779607,-0.17088591719955862,-0.30365596554373736,1
1141,-0.8464244580343055,2.398490697967289,1.0576395772394103,0.5210416742537074,0
1142,0.019571857009906393,-0.35909833882755954,-0.194002004435681,-0.15054152315802974,1
1143,1.4472955115422557,-0.35909833882755954,-0.20987719704769064,-0.3592420631322489,1
1144,-0.1520670522781356,-0.42635660801767783,-0.23180457456148754,-0.3431130399798462,1
1145,-0.0662475976341146,-0.2918400696374413,-0.1821354909305613,-0.18877960384485967,4
1146,1.8295821731383493,-0.35909833882755954,-0.2041915166827051,-0.16654029086063674,1
1147,1.9856175452183875,-0.42635660801767783,-0.21024598866428515,-0.1803934702640636,4
1148,-0.7996138464102941,0.6497756990242143,-0.014220951390423234,-0.10752628972624531,0
1149,0.08198600584192167,0.11170954550326825,-0.06432915434157356,-0.3259358307433993,0
1150,-0.8854333010543151,-0.42635660801767783,-0.19961507001724407,-0.23037226517339884,1
1151,-0.9166403754703227,-0.42635660801767783,-0.14665888095406707,-0.27710899656281374,1
1152,-0.713794391766273,-0.022806992876968267,-0.13910408462838783,-0.1938235429395821,0
1153,-0.8776315324503131,-0.35909833882755954,-0.1911322910656224,-0.16005706751388907,4
1154,-0.4485342592302081,-0.35909833882755954,-0.17870201239156913,2.4198695089636897,0
1155,-0.9088386068663208,0.17896781469338652,-0.09931003977297104,-0.29528365356240377,1
1156,0.3784532127939942,-0.42635660801767783,-0.21461088044890902,-0.14319529582647703,1
1157,0.9635858580941373,-0.2918400696374413,-0.20653634524030823,-0.2627513132270921,4
1158,-0.9166403754703227,-0.35909833882755954,-0.20310229493136786,-0.22680339884119696,4
1159,-0.2846971185461681,-0.49361487720779607,-0.24984734704715572,-0.3627996962801742,1
1160,2.4771289672705077,-0.2918400696374413,-0.09160543972086119,-0.1288648094258262,0
1161,-0.721596160370275,-0.022806992876968267,-0.15731895986846675,-0.35877324268247834,0
1162,-0.01943698601010315,-0.15732353125720477,-0.11161681613821128,-0.17291525342109618,4
1163,-0.26129181273416235,-0.2918400696374413,-0.18909050058056978,-0.31991532693633895,1
1164,0.12879661746593313,-0.35909833882755954,-0.23124938594177705,0.09345690099799792,1
1165,-0.8620279952423093,0.11170954550326825,-0.09675422810447892,-0.2570067528056596,4
1166,-0.7762085405982884,0.7842922374044509,0.7286837447065486,-0.07770088625665379,2
1167,0.21461607210995412,-0.22458180044732304,-0.17132446474983454,-0.18500877887216155,4
1168,1.603330883622294,-0.42635660801767783,-0.23125110125162165,-0.36353862423145306,1
1169,-0.7528032347862826,0.04445127631314999,0.16346342125475394,-0.13063536841921988,0
1170,0.9635858580941373,-0.15732353125720477,-0.15807655504984305,-0.2915513058252818,1
1171,-0.8464244580343055,0.8515505065945691,0.2699081172028901,0.002009880071526682,2
1172,1.8295821731383493,-0.42635660801767783,-0.2076998970849126,-0.13017740212661338,1
1173,-0.6591820115382597,-0.022806992876968267,-0.13324973212868077,-0.32248396800854806,2
1174,-0.40172364760619667,0.6497756990242143,0.31708028146998973,0.2706658949017094,2
1175,-0.627974937122252,-0.09006526206708652,-0.12945146436273156,-0.14588219005383246,0
1176,-0.011635217406101241,-0.2918400696374413,-0.2262435400452114,-0.10652250386154505,1
1177,-0.8386226894303036,-0.35909833882755954,-0.22131488309165395,1.9663579541478926,1
1178,-0.7293979289742769,0.6497756990242143,-0.04343210627444845,-0.3092931065570484,2
1179,1.1118194615701738,-0.35909833882755954,-0.16655361630198262,-0.09419014636681788,4
1180,-0.36271480458618716,-0.09006526206708652,0.014902722691526144,-0.09277429154477197,2
1181,-0.9166403754703227,-0.42635660801767783,-0.22399133821921804,-0.09806608432094215,1
1182,1.338070751086229,-0.2918400696374413,-0.1884558359380583,-0.09137153331780923,1
1183,-0.6123713999142483,-0.15732353125720477,-0.08505638673408075,-0.25937312283957464,4
1184,-0.1520670522781356,0.11170954550326825,-0.19535481213314237,-0.12230935876724504,2
1185,-0.8074156150142959,-0.2918400696374413,-0.09724023256045616,-0.18900792882077372,4
1186,-0.1364635150701318,-0.35909833882755954,-0.11628474599538569,-0.19245733672703502,4
1187,3.0232527695506413,1.3223583909253969,1.0939503995703408,1.19284897079814,3
1188,0.8075504860140992,-0.22458180044732304,-0.1572211872073231,0.016709179972451835,1
1189,-0.893235069658317,-0.5608731463979143,-0.24759857584085154,-0.2570740238712174,1
1190,-0.5577590196862349,-0.022806992876968267,-0.10035294815850336,-0.04892528459071877,4
1191,-0.46413779643821196,-0.42635660801767783,-0.062170151017138194,0.7026390348984474,1
1192,-0.9010368382623188,-0.09006526206708652,-0.05451758203031531,-0.05857964342427539,4
1193,1.3926831313142423,0.31348435307362305,0.001655384761482837,-0.20410163740186826,0
1194,-0.7762085405982884,-0.22458180044732304,-0.1997111273685431,0.01891202124727981,1
1195,-0.721596160370275,-0.2918400696374413,-0.039994053575870596,-0.08116744824442255,1
1196,-0.6825873173502655,0.11170954550326825,-0.11837570869598424,-0.14596351986798248,1
1197,-0.893235069658317,-0.09006526206708652,-0.1018910093191843,-0.2716785226807751,2
1198,1.0181982383221508,0.11170954550326825,-0.0576222928490876,-0.05886027310596765,0
1199,-0.3939218790021948,-0.49361487720779607,-0.24857115652275424,-0.14916498376540546,1
1200,-0.721596160370275,-0.022806992876968267,-0.13095521932651996,0.11719519110410719,4
1201,-0.8620279952423093,-0.09006526206708652,-0.09480963851062174,0.1669006370356631,4
1202,1.501907891770269,-0.15732353125720477,-0.17519591906915447,-0.17450321707430852,4
1203,0.4018585186059999,-0.49361487720779607,-0.24831957774554253,-0.21602794471141273,1
1204,-0.6591820115382597,0.6497756990242143,-0.03693908674259246,-0.34504869732811333,2
1205,-0.8620279952423093,-0.09006526206708652,-0.09080724887316208,-0.1643423282054573,4
1206,-0.8464244580343055,-0.42635660801767783,-0.20755523928801584,1.0135313906417733,1
1207,-0.7450014661822807,0.11170954550326825,-0.1090684374790459,-0.32196571193965756,2
1208,2.8516138602625993,-0.42635660801767783,-0.21212596825399477,-0.3472059501949811,4
1209,-0.7293979289742769,-0.22458180044732304,-0.09512468375208465,-0.14611188091160401,1
1210,-0.8776315324503131,1.5241331984957516,0.5429259803926672,-0.1597601130995471,0
1211,0.011770088405904485,0.24622608388350475,0.0675615913816347,-0.07254654459038876,0
1212,-0.8386226894303036,0.04445127631314999,0.09004873167472771,-0.14890846625190912,2
1213,0.737334568578082,-0.2918400696374413,-0.22500508633739175,-0.33050070424651035,4
1214,-0.8386226894303036,-0.42635660801767783,-0.20993951997204538,-0.3615044968432718,1
1215,-0.7528032347862826,-0.22458180044732304,0.5169899237719803,-0.0487649963680952,1
1216,-0.6981908545582692,-0.49361487720779607,-0.23712146330987857,-0.3603405101552334,1
1217,-0.5343537138742291,-0.15732353125720477,0.11215850380200314,0.02099995785845011,2
1218,0.23021960931795793,-0.2918400696374413,-0.11843631631049434,-0.2051386751639803,1
1219,1.4394937429382537,-0.42635660801767783,-0.21804321544800476,-0.3547910836112141,1
1220,-0.6825873173502655,-0.2918400696374413,-0.205902252367745,-0.22572796505691464,4
1221,0.3004355267539751,0.9860670449748056,0.03726350182606507,-0.3098135964674083,0
1222,-0.9088386068663208,-0.42635660801767783,-0.15793532787263556,-0.1759601294619388,1
1223,-0.6123713999142483,0.31348435307362305,0.6142863005487802,0.4788494919101613,2
1224,-0.5889660941022425,-0.22458180044732304,-0.09935177897919026,2.8398938401968303,4
1225,1.9154016277823702,-0.22458180044732304,-0.21817014837650708,-0.23142652921176596,0
1226,-0.8386226894303036,-0.22458180044732304,-0.14842336301423856,-0.18284756181919373,4
1227,0.2692284523379675,-0.22458180044732304,-0.15689870895653352,-0.1390342614476044,4
1228,2.875019166074605,-0.49361487720779607,-0.2238260967041858,-0.23313465735755243,1
1229,-0.893235069658317,0.24622608388350475,0.3089405644872932,1.1174415619163254,2
1230,-0.8542262266383074,0.582517429834096,0.1589395774245281,-0.27556061757790346,0
1231,-0.8386226894303036,0.9188087757846873,0.09997751682536875,-0.19789398919162834,2
1232,-0.9088386068663208,-0.09006526206708652,-0.12229690700079829,-0.2017305414621617,0
1233,-0.635776705726254,-0.49361487720779607,-0.2119612985089107,-0.2620016248562753,1
1234,0.6749204197460668,-0.2918400696374413,-0.166080190784866,-0.18380343242985,1
1235,-0.4485342592302081,-0.42635660801767783,-0.21769157692985655,-0.21506672187083195,1
1236,-0.9010368382623188,0.582517429834096,0.1583026257022238,0.5603818317644882,1
1237,-0.4797413336462158,0.04445127631314999,-0.03326432128545628,-0.004206811859230186,4
1238,-0.1520670522781356,-0.2918400696374413,-0.031080160083299738,-0.2221008967731556,4
1239,0.011770088405904485,-0.22458180044732304,-0.22170025603674648,-0.1377010483436409,1
1240,-0.2846971185461681,-0.42635660801767783,-0.2350916799937383,-0.12037936181840322,1
1241,-0.9010368382623188,-0.22458180044732304,-0.04365738363404261,-0.19709357498962635,4
1242,-0.6201731685182501,-0.15732353125720477,0.27376184665381553,-0.07635465855374876,2
1243,1.3302689824822271,-0.15732353125720477,-0.11547168912903315,-0.19944602985848445,0
1244,-0.9088386068663208,0.04445127631314999,-0.11578616260054783,-0.17151635988014938,4
1245,-0.5265519452702272,-0.22458180044732304,-0.0651439265177707,-0.3206325190280814,4
1246,-0.2534900441301604,0.11170954550326825,-0.07077700404752107,-0.27494887211994967,0
1247,-0.7996138464102941,-0.022806992876968267,-0.10093672527562428,0.5281976543966862,0
1248,-0.8854333010543151,-0.22458180044732304,-0.11216800236828431,-0.13200750380879833,1
1249,-0.08965290344612033,0.04445127631314999,-0.0741916141782224,-0.28721924630972046,2
1250,-0.7840103092022902,0.4480008914538595,-0.09172265256024391,-0.1786705091430795,2
1251,-0.713794391766273,0.17896781469338652,0.13399496989403484,-0.3153746575393901,4
1252,0.7295327999740802,-0.35909833882755954,-0.1901654280832018,-0.08688060001143705,4
1253,0.23021960931795793,0.4480008914538595,-0.09267750837375216,-0.19760997702967187,1
1254,-0.2378865069221566,-0.35909833882755954,-0.2065414911698421,-0.09553511250412816,1
1255,-0.7528032347862826,-0.022806992876968267,-0.09829743519469374,-0.23882830380230444,2
1256,-0.9088386068663208,0.3807426222637413,0.11398073462694369,0.2936222738746538,0
1257,-0.4875431022502177,-0.09006526206708652,-0.09330645531678154,-0.2530346299990361,4
1258,-0.8542262266383074,-0.22458180044732304,-0.18178785480205054,-0.3313695003871899,1
1259,-0.7293979289742769,0.4480008914538595,-0.13324687327893972,-0.19317229952098264,0
1260,0.14440015467393694,-0.49361487720779607,-0.21672528571738414,-0.35066265910724914,1
1261,-0.9088386068663208,-0.22458180044732304,-0.20062881813541777,-0.14596015455255879,4
1262,-0.8620279952423093,-0.09006526206708652,-0.0919633677084397,-0.18692222598534927,1
1263,-0.713794391766273,0.24622608388350475,-0.06009977203467513,-0.3569692753903853,2
1264,1.6189344208302978,-0.42635660801767783,-0.18894069685413914,-0.11047141052533885,4
1265,-0.9166403754703227,0.24622608388350475,-0.1243701448330024,-0.22213794054593977,0
1266,1.6657450324543093,-0.35909833882755954,-0.21887342541280358,-0.18519571149656996,4
1267,-0.8542262266383074,1.9276828136364612,0.37732081967334336,-0.26156254911168986,2
1268,-0.3159041929621757,-0.2918400696374413,-0.171262713595428,-0.048241824681536385,1
1269,-0.627974937122252,-0.2918400696374413,-0.19438909269061816,-0.10049909829242677,4
1270,-0.8542262266383074,0.5152591606439778,0.04042024371012433,-0.15750884344745622,0
1271,-0.8620279952423093,-0.42635660801767783,-0.19897525944519873,0.23424574069868054,1
1272,-0.6981908545582692,-0.42635660801767783,-0.23244381336358463,-0.34944887018460785,1
1273,1.8217804045343473,-0.2918400696374413,-0.18230073244559356,0.19691840372344266,4
1274,-0.33930949877418143,-0.15732353125720477,-0.15855398295659717,-0.21412329343997474,1
1275,0.7529381057860859,-0.35909833882755954,-0.22262194919325864,-0.19585912861782234,1
1276,1.5565202719982825,-0.49361487720779607,-0.2518188098285787,-0.0586004122280331,4
1277,0.9167752464701259,-0.35909833882755954,-0.23081255370134574,-0.2430834324002157,0
1278,0.5656956592900401,-0.2918400696374413,-0.20153736058312113,-0.1595021838175343,1
1279,-0.7293979289742769,1.59139146768587,1.1312909795779948,0.2470891769848035,0
1280,1.4707008173542615,-0.22458180044732304,-0.18199712260309484,-0.21032433989451269,0
1281,-0.7996138464102941,-0.35909833882755954,-0.20361117018527344,-0.15450787431013982,1
1282,1.673546801058311,-0.42635660801767783,-0.17869915354182808,-0.01011726462604027,4
1283,-0.9088386068663208,-0.42635660801767783,-0.22979308788368993,-0.18868025523813994,1
1284,1.7983750987223417,-0.2918400696374413,-0.2000942132338428,-0.24848706755394218,4
1285,-0.2846971185461681,-0.42635660801767783,-0.23141920161639495,-0.37004163263657314,1
1286,-0.6435784743302558,0.24622608388350475,0.07441825660055132,-0.14734238051294943,2
1287,-0.8776315324503131,-0.42635660801767783,-0.15607478846116501,-0.1716279700114541,1
1288,-0.46413779643821196,0.04445127631314999,-0.01306083016550809,-0.31965964547424586,2
1289,-0.8854333010543151,3.272848197438827,0.2907628542938478,0.04531570056892222,3
1290,-0.3549130359821852,-0.49361487720779607,-0.24319194485000847,-0.23129452045910312,1
1291,-0.8776315324503131,0.5152591606439778,-0.04179684422257208,-0.3440890568466704,2
1292,-0.8230191522222998,-0.42635660801767783,-0.23157758189204872,-0.19510770175964437,1
1293,-0.07404936623811652,-0.42635660801767783,-0.22842598593752336,-0.192161622221848,1
1294,0.9245770150741278,0.7842922374044509,0.7919718167338538,-0.11804356876086729,0
1295,-0.8308209208263017,0.04445127631314999,-0.02119768829846361,-0.12227322897395161,4
1296,-0.36271480458618716,-0.35909833882755954,-0.1863082680125871,-0.11508002022467215,1
1297,0.7919469488060954,-0.022806992876968267,-0.07346775342379039,-0.21544727213645437,4
1298,1.3848813627102405,-0.42635660801767783,-0.23491557484969008,-0.1554464979726276,0
1299,1.0181982383221508,-0.09006526206708652,0.09799175979524052,-0.17848677567385357,4
1300,1.5643220406022844,-0.35909833882755954,-0.14561082663900085,-0.1790442200990397,1
1301,-0.27689534994216614,-0.022806992876968267,-0.14227111837151485,-0.3547798773638844,1
1302,0.6359115767260572,-0.42635660801767783,-0.21702374963034898,-0.34422489594189454,1
1303,-0.7684067719942864,1.59139146768587,0.1161345920218452,-0.26331446768959715,2
1304,-0.37051657319018905,-0.09006526206708652,-0.12130946030024216,-0.10269565946544995,4
1305,-0.5577590196862349,-0.022806992876968267,-0.07564276630677563,-0.264284295206749,2
1306,-0.9166403754703227,-0.42635660801767783,-0.2280005890960562,-0.168039027528773,1
1307,-0.4251289534182024,-0.35909833882755954,-0.1801840400973256,-0.11066088031400559,1
1308,-0.33930949877418143,-0.15732353125720477,-0.17396547014060973,-0.36342711195178784,4
1309,-0.721596160370275,-0.42635660801767783,-0.24315649511321955,0.9971471121218085,1
1310,-0.24568827552615852,-0.35909833882755954,-0.19896096519649353,-0.0972775220911348,1
1311,-0.7450014661822807,0.582517429834096,0.03555448145086978,-0.12935887160672965,2
1312,-0.6903890859542673,0.8515505065945691,6.693883568962961,1.6563283363781054,3
1313,2.219670603338445,-0.22458180044732304,-0.1803429921429276,-0.1291369710294356,4
1314,-0.9010368382623188,-0.35909833882755954,-0.24046746104679487,-0.1578680068902836,1
1315,-0.8386226894303036,-0.15732353125720477,-0.21484359081782986,-0.057291754270827326,4
1316,0.8075504860140992,0.11170954550326825,0.01687875963253477,-0.2547342537288691,0
1317,2.3366971323984735,-0.35909833882755954,-0.17248058358511217,1.7200260957123776,2
1318,-0.2846971185461681,-0.5608731463979143,-0.2579338894246688,-0.19567451702886496,1
1319,-0.3939218790021948,-0.35909833882755954,-0.22236579625646122,-0.012024112322717509,1
1320,0.5344885848740324,-0.35909833882755954,-0.1511758635449144,4.8870055972476365,1
1321,0.07418423723791975,-0.022806992876968267,0.02255700698819364,-0.13859324646458568,4
1322,0.737334568578082,0.11170954550326825,0.030013458882780984,0.7387559556005783,0
1323,0.7451363371820839,-0.42635660801767783,-0.2225870712264179,-0.17877545619353838,1
1324,-0.9010368382623188,-0.22458180044732304,-0.20339904353448807,-0.19849993970673566,1
1325,-0.8776315324503131,0.31348435307362305,0.038729519973271745,-0.11051893106703417,0
1326,0.027373625613908305,-0.35909833882755954,-0.20718644767142136,-0.3588390553038649,1
1327,-0.8074156150142959,0.3807426222637413,0.005833879542990773,-0.11637294235983522,2
1328,0.23021960931795793,0.31348435307362305,0.4725577382736909,0.018982867570812908,2
1329,-0.09745467205012225,0.4480008914538595,-0.045079947265185424,-0.28591702567328303,0
1330,-0.5889660941022425,-0.15732353125720477,-0.07716538967885492,-0.14253695924290205,4
1331,-0.011635217406101241,-0.42635660801767783,-0.2459433018407879,-0.30719250391289654,1
1332,1.6189344208302978,0.11170954550326825,-0.03195096571442129,0.7386591574646676,0
1333,-0.5889660941022425,0.11170954550326825,-0.0922035110866873,2.4985338256726233,2
1334,0.6827221883500687,-0.15732353125720477,-0.008086431616093938,-0.1762216116967488,0
1335,2.2352741405464487,-0.2918400696374413,-0.13792852561487112,-0.08492448638344315,4
1336,0.1912107662979484,-0.15732353125720477,-0.07948563212868509,-0.2417281764180118,4
1337,-0.7918120778062921,0.3807426222637413,0.18127577045129406,-0.335801281880903,0
1338,1.4394937429382537,-0.35909833882755954,-0.18553123265297172,0.06358573956333041,1
1339,-0.8308209208263017,0.9860670449748056,0.24550897820298784,-0.3041069866282392,2
1340,1.1274229987781774,0.24622608388350475,-0.07025154746511747,-0.16856919196783302,0
1341,-0.6825873173502655,-0.42635660801767783,-0.18837007044582704,-0.13729329977811466,1
1342,0.15220192327793886,-0.022806992876968267,-0.16093883541057494,-0.2802348755686028,1
1343,-0.11305820925812606,0.31348435307362305,-0.09475760744533475,-0.18687688322498694,0
1344,1.7983750987223417,-0.42635660801767783,-0.21925937012784433,-0.365995675818946,1
1345,-0.7762085405982884,-0.35909833882755954,-0.15760255776277818,-0.08240607662408332,1
1346,1.517511428978273,-0.49361487720779607,-0.15117014584543229,-0.0878220336467913,1
1347,-0.07404936623811652,0.11170954550326825,-0.16283082216919695,-0.2271288153759791,0
1348,0.12099484886193121,-0.2918400696374413,-0.18757816906755825,-0.3346971132367831,1
1349,0.5812991964980438,0.6497756990242143,0.48969133936471265,0.8294015620638263,2
1350,-0.01943698601010315,-0.35909833882755954,-0.18229673005595612,-0.011418403577912194,1
1351,-0.4095254162101986,0.3807426222637413,-0.013164320526133857,-0.2910501958338506,0
1352,-0.8854333010543151,0.5152591606439778,-0.11440419463572783,-0.16395962081314416,2
1353,1.8685910161583588,-0.35909833882755954,-0.16327623095885138,-0.2100838528765273,4
1354,2.009022851030393,-0.42635660801767783,-0.17409583368880124,0.07232033071528435,1
1355,0.5344885848740324,-0.35909833882755954,-0.1397799167071703,-0.1966964248356494,4
1356,0.18340899769394647,-0.35909833882755954,-0.19686771541610212,0.2027099074775366,1
1357,1.7281591812863244,-0.42635660801767783,-0.13603996947593835,-0.12497804157107771,1
1358,-0.893235069658317,0.04445127631314999,-0.10597516205923778,-0.19349604566035492,2
1359,-0.7528032347862826,-0.022806992876968267,-0.12540504843925981,-0.2968958182886938,1
1360,-0.5733625568942387,-0.2918400696374413,-0.053985264208533175,1.101419094139264,1
1361,1.3302689824822271,-0.42635660801767783,-0.20135782481938366,0.23753755504920965,1
1362,-0.8620279952423093,1.7259080060661065,0.7458454197020276,0.02882401981311499,0
1363,1.3224672138782252,-0.35909833882755954,-0.2269599677903167,-0.0603943552772491,1
1364,-0.5967678627062444,-0.22458180044732304,-0.23598764350258108,-0.35291455336720984,4
1365,-0.8620279952423093,0.04445127631314999,0.3053395573534759,-0.14585931032096802,2
1366,-0.7293979289742769,-0.15732353125720477,-0.1556505351595943,-0.15567125787270386,4
1367,0.7763434115980916,-0.35909833882755954,-0.14089143748648766,-0.052617266012168463,4
1368,1.4394937429382537,-0.42635660801767783,-0.17763794851795303,-0.1729305916929207,1
1369,0.6827221883500687,-0.2918400696374413,-0.07448664747149798,0.22889125929262655,4
1370,-0.6123713999142483,0.11170954550326825,0.2693472108836975,-0.1494095341819464,2
1371,1.0650088499461623,-0.42635660801767783,-0.24272194995258103,-0.15971598032680479,4
1372,1.4941061231662671,-0.09006526206708652,0.008606963791802112,-0.12789197300578461,0
1373,1.5409167347902786,-0.35909833882755954,-0.1828187560186705,-0.14966527880769517,1
1374,-0.6591820115382597,-0.35909833882755954,-0.23680641806841565,-0.20889732208793513,1
1375,1.5409167347902786,-0.2918400696374413,-0.1175489293508747,-0.20253204474812578,0
1376,1.6189344208302978,-0.35909833882755954,-0.22210221031033708,-0.3528962075905572,4
1377,-0.6747855487462635,0.17896781469338652,0.0321284359212043,-0.08382642125323672,2
1378,-0.8854333010543151,-0.22458180044732304,0.27033294227440907,-0.2698406583874889,1
1379,-0.3471112673781833,-0.35909833882755954,-0.12612948096364002,-0.12684951956160187,4
1380,-0.8308209208263017,0.7170339682143325,0.1348440482671245,0.04311107771530716,2
1381,1.9934193138223895,-0.35909833882755954,-0.2218426267538504,-0.22716833104704404,1
1382,-0.7840103092022902,-0.5608731463979143,-0.23301386800194857,-0.1760974470105932,1
1383,-0.0662475976341146,-0.35909833882755954,-0.24460135777234246,-0.21055518273876922,1
1384,1.5409167347902786,-0.35909833882755954,-0.20440878926302433,-0.370476118526775,1
1385,-0.30030065575417186,-0.35909833882755954,-0.17602498549405682,-0.25626897781134844,1
1386,1.579925577810288,-0.49361487720779607,-0.23552622515437682,-0.26672746516903506,1
1387,1.517511428978273,-0.35909833882755954,-0.20426355969617935,-0.24860626176028255,1
1388,0.41746205581400375,-0.15732353125720477,-0.07517448671919286,-0.3014226057247468,0
1389,1.517511428978273,-0.2918400696374413,-0.20572671899364497,-0.37222587468414825,4
1390,-0.8620279952423093,1.4568749293056333,0.3179922545373823,-0.2180520510992004,0
1391,-0.8776315324503131,-0.49361487720779607,-0.2411958959608125,-0.2943210095436517,1
1392,-0.8542262266383074,-0.42635660801767783,-0.1964766247715275,-0.18990339822624175,1
1393,-0.721596160370275,-0.09006526206708652,-0.15289974993876307,-0.18421797926281708,1
1394,-0.01943698601010315,-0.22458180044732304,-0.21434500742299203,0.11885747765721892,4
1395,-0.8074156150142959,-0.5608731463979143,-0.2451514004625191,-0.2587251437699547,1
1396,-0.8854333010543151,4.012689158530128,0.6858987712520532,-0.26894848145639894,3
1397,-0.8308209208263017,-0.35909833882755954,-0.23641818627358208,-0.3300797803806395,4
1398,0.17560722908994458,-0.35909833882755954,-0.1996568092234633,-0.27172732229719754,4
1399,-0.30030065575417186,-0.15732353125720477,0.19852664155869343,-0.11622304883291412,1
1400,0.18340899769394647,-0.22458180044732304,-0.12339070291172119,0.1579561432754059,4
1401,0.09758954304992548,-0.22458180044732304,-0.20524128630761596,0.6170460513500846,4
1402,1.4707008173542615,-0.2918400696374413,-0.20477357848998137,-0.2921172893873566,4
1403,0.5032815104580247,-0.49361487720779607,-0.22449392400369333,0.3808800624387297,1
1404,-0.8308209208263017,2.7347820439178805,0.340947674418058,0.03870757990750693,3
1405,-0.7996138464102941,-0.09006526206708652,0.03260071789842455,-0.009339183292336762,2
1406,0.9635858580941373,-0.35909833882755954,-0.20824708092534813,-0.32700354764209183,4
1407,1.7593662557023322,-0.35909833882755954,-0.1994686969105027,-0.22758486386569848,0
1408,-0.08185113484211842,-0.22458180044732304,-0.17381795349397192,-0.3587569548999985,1
1409,-0.9166403754703227,-0.35909833882755954,-0.07601899093269684,-0.18226421582476007,1
1410,-0.893235069658317,0.11170954550326825,0.03851053208310788,0.3166338309089285,1
1411,-0.3315077301701795,-0.2918400696374413,-0.22114906980667348,-0.07348472158771938,1
1412,-0.03504052321810697,-0.2918400696374413,-0.23677497072126424,-0.13978995174306164,1
1413,-0.7528032347862826,0.11170954550326825,-0.03976134320694974,-0.15163101181212163,4
1414,0.6047045023100496,-0.49361487720779607,-0.23105441238943794,-0.21034718238835376,1
1415,-0.3315077301701795,-0.35909833882755954,-0.2168299196179063,-0.3335005590324116,1
1416,-0.5109484080622234,-0.022806992876968267,-0.021027300853897497,-0.09095720291661501,4
1417,-0.02723875461410506,-0.22458180044732304,-0.19939036442759814,-0.29150523903419406,4
1418,-0.627974937122252,0.3807426222637413,-0.10993123833089255,-0.17342026240637393,0
1419,1.4785025859582634,-0.42635660801767783,-0.21127688988090512,-0.2955641555819076,1
1420,1.8685910161583588,2.129457621206816,0.0848856490424048,-0.28017206013636897,3
1421,-0.40172364760619667,1.053325314164924,0.6903071175527409,0.2390802680859085,0
1422,-0.4797413336462158,-0.42635660801767783,-0.20292676155726785,-0.16988962207120362,1
1423,1.166431841798187,-0.2918400696374413,-0.20343678035106982,-0.06874943433096334,1
1424,-0.37051657319018905,0.04445127631314999,-0.0735952581222409,0.23197493215531775,4
1425,-0.4173271848142005,-0.49361487720779607,-0.23326716208900491,-0.20789349657297954,1
1426,1.673546801058311,-0.42635660801767783,-0.20230524762356517,-0.14341434890676075,4
1427,0.5734974278940419,0.04445127631314999,-0.04706684783521004,-0.3339360626976019,4
1428,-0.893235069658317,-0.2918400696374413,-0.18692863840639334,-0.17387662840028606,1
1429,1.579925577810288,-0.42635660801767783,-0.25217159188662336,-0.18693623515155045,1
1430,-0.003833448802099333,-0.35909833882755954,-0.20988348651712094,-0.2489942107841108,1
1431,-0.635776705726254,0.11170954550326825,-0.14192748463264154,-0.2890339335695167,0
1432,0.06638246863391785,0.11170954550326825,-0.022735749459144517,-0.1657224854970867,2
1433,0.9557840894901355,-0.22458180044732304,-0.2391826939731703,-0.3151483919786188,1
1434,-0.5577590196862349,-0.42635660801767783,-0.22509885660889795,-0.1542334110258709,1
1435,-0.4095254162101986,0.11170954550326825,-0.08651096948232324,0.053421899951286454,4
1436,-0.7528032347862826,0.04445127631314999,-0.11622985608035766,-0.18352132828694095,2
1437,-0.9166403754703227,0.17896781469338652,-0.1382778770532265,-0.13290262082074566,0
1438,-0.6123713999142483,-0.2918400696374413,-0.21498081560539994,-0.28945195957178493,4
1439,-0.8230191522222998,0.4480008914538595,0.6215832286278173,-0.2627488649478006,0
1440,-0.19107589529814514,-0.22458180044732304,-0.15230625273252263,-0.16761312010265692,0
1441,-0.44073249062620623,-0.2918400696374413,-0.16081933549139935,-0.018812831783360445,4
1442,-0.8464244580343055,0.31348435307362305,-0.026793029011632226,-0.23760493055055323,0
1443,-0.7528032347862826,0.11170954550326825,0.1957289712021091,-0.21707333264726936,2
1444,0.17560722908994458,-0.22458180044732304,-0.04978389862909695,0.0068813946609192775,4
1445,0.4720744360420171,0.04445127631314999,-0.04518458116570758,-0.27139234995347733,2
1446,1.595529115018292,-0.49361487720779607,-0.2212514166274028,-0.04815743167191688,1
1447,-0.4485342592302081,-0.42635660801767783,-0.2322059570651299,-0.32793411516957816,1
1448,-0.7528032347862826,0.4480008914538595,0.050660071712590786,-0.0844873293795919,2
1449,-0.6591820115382597,0.31348435307362305,-0.06759510428574067,-0.26134720524436456,0
1450,0.12879661746593313,-0.35909833882755954,-0.07660619866950699,-0.10986901039904304,4
1451,-0.7528032347862826,-0.35909833882755954,-0.18622936375973434,-0.2764992457858248,4
1452,-0.8776315324503131,-0.22458180044732304,-0.15774664378972675,-0.04319843268513247,1
1453,-0.635776705726254,-0.42635660801767783,-0.18048707816987614,0.07018693987347574,1
1454,-0.6981908545582692,0.5152591606439778,0.12102322507902807,-0.19918321555777518,0
1455,-0.8386226894303036,-0.5608731463979143,-0.25384173190534043,-0.3120490474178541,1
1456,-0.40172364760619667,0.04445127631314999,-0.04158071518214927,-0.29698002367879345,4
1457,-0.9010368382623188,-0.2918400696374413,0.12372540985426157,0.011842035012538986,1
1458,-0.7684067719942864,0.31348435307362305,0.3036065226404558,1.0082007310106298,2
1459,-0.893235069658317,1.860424544446343,0.572884438599001,0.5414926817244394,3
1460,-0.7918120778062921,0.04445127631314999,-0.15789587574620917,-0.1637842636091265,2
1461,-0.4797413336462158,-0.15732353125720477,-0.0674858962256328,3.482942157432518,1
1462,-0.5889660941022425,0.6497756990242143,0.2533948293286798,-0.02734109806137869,0
1463,1.080612387154166,-0.49361487720779607,-0.21260110908095606,-0.20356666245679167,1
1464,-0.6825873173502655,-0.22458180044732304,-0.09508122923602079,-0.18470365505923148,4
1465,0.5891009651020458,-0.35909833882755954,-0.14982477115729764,-0.18377065036935006,4
1466,-0.7450014661822807,-0.09006526206708652,-0.050566651688194415,-0.3216131324522066,2
1467,-0.19107589529814514,-0.09006526206708652,-0.043155941389463735,-0.1701614100995976,4
1468,-0.8542262266383074,-0.5608731463979143,-0.24320395201892084,-0.1334419503913425,1
1469,-0.6981908545582692,-0.35909833882755954,-0.21567894671216256,0.9462116209060448,1
1470,0.4720744360420171,-0.49361487720779607,-0.22757862287427832,-0.13895419780093451,1
1471,-0.12866174646612988,-0.15732353125720477,0.06311608003431343,-0.08980704798213672,4
1472,-0.12085997786212797,-0.022806992876968267,-0.11285012391649707,-0.3116876942426478,2
1473,1.509709660374271,-0.35909833882755954,-0.1786065268102183,-0.07257757843508411,4
1474,-0.8776315324503131,-0.35909833882755954,-0.2394125454923501,-0.07223397807253333,1
1475,0.4642726674380152,-0.35909833882755954,-0.17402950837480907,0.1368813985791076,1
1476,-0.37831834179419094,-0.42635660801767783,-0.2276306539395653,-0.22473765574757915,1
1477,-0.4173271848142005,0.11170954550326825,-0.03723354826591986,-0.049572531315338376,4
1478,1.6189344208302978,-0.49361487720779607,-0.22045951524913399,-0.16556507691449424,1
1479,-0.893235069658317,0.24622608388350475,0.1366262551956905,-0.1410452654657765,0
1480,-0.4251289534182024,-0.2918400696374413,-0.12349019088270949,-0.17090364623334334,4
1481,0.24582314652596177,-0.022806992876968267,-0.06643326775098093,-0.09077439263318272,1
1482,2.032428156842399,-0.42635660801767783,-0.21104589482182887,-0.18847727748767398,4
1483,-0.8776315324503131,-0.42635660801767783,-0.17829491218844465,-0.03883739330639607,1
1484,-0.5889660941022425,0.31348435307362305,-0.08475563574132305,-0.22326272319757914,0
1485,-0.8620279952423093,1.59139146768587,0.3549148707128959,-0.10197056125146922,0
1486,-0.9010368382623188,0.04445127631314999,-0.0809945330220074,-0.2666480643593085,2
1487,-0.721596160370275,0.3807426222637413,0.14806165415986094,-0.13789496807994062,2
1488,-0.8776315324503131,-0.42635660801767783,-0.2130545226498854,0.011767371762876597,1
1489,-0.29249888715017,-0.022806992876968267,-0.11042067340655908,-0.093185678001773,0
1490,0.4564708988340133,-0.22458180044732304,-0.1476137367675753,-0.34583209187621533,1
1491,-0.3861201103981929,-0.2918400696374413,-0.05486121576918864,0.543215616658603,4
1492,-0.4251289534182024,2.398490697967289,6.2788351917884455,2.1851797529599235,3
1493,-0.4953448708542196,-0.15732353125720477,-0.16969949455702593,-0.1832890226897106,1
1494,-0.20667943250614895,-0.2918400696374413,-0.11053045323661509,-0.21428458914000198,4
1495,-0.7528032347862826,-0.22458180044732304,-0.08362067239412915,-0.12741531126484965,4
1496,1.3302689824822271,-0.2918400696374413,-0.21083090932130247,-0.0704247845007513,4
1497,-0.721596160370275,-0.49361487720779607,-0.23666404735131175,-0.15108452471876885,1
1498,0.24582314652596177,-0.35909833882755954,-0.186892045129708,-0.34222654313093276,1
1499,2.804803248638588,-0.09006526206708652,-0.08885865688966743,-0.24106753288478477,0
1500,-0.5577590196862349,-0.42635660801767783,-0.236453636010371,-0.3587855125405542,1
1501,-0.03504052321810697,-0.35909833882755954,0.002150537536631462,0.1634130650802822,4
1502,-0.7996138464102941,-0.35909833882755954,-0.24354644221789773,-0.33228340062552436,1
1503,-0.8854333010543151,-0.49361487720779607,-0.2248021080057777,-0.1670887311330263,1
1504,-0.893235069658317,-0.42635660801767783,-0.18265179919379362,0.03459547384025737,1
1505,-0.12866174646612988,-0.2918400696374413,-0.10434218708715423,5.893507980243107,2
1506,-0.7840103092022902,0.04445127631314999,-0.1275760589326076,-0.3000402283879544,2
1507,-0.5655607882902368,0.31348435307362305,-0.10671045821263395,-0.19454964256893106,2
1508,1.8763927847623607,-0.35909833882755954,-0.19207971386980394,-0.18125141162116898,1
1509,-0.8776315324503131,-0.2918400696374413,-0.19573961330828668,-0.25635159117215744,4
1510,0.3628496755859904,-0.35909833882755954,-0.19700665551351676,-0.26973163010098206,4
1511,-0.08185113484211842,-0.42635660801767783,-0.2019787669831381,-0.16586217451210775,1
1512,-0.893235069658317,0.5152591606439778,0.07942924842665083,-0.17916143357505748,2
1513,-0.5655607882902368,-0.2918400696374413,-0.18723453532868492,-0.21309985806042162,1
1514,1.946608702198378,-0.49361487720779607,-0.23402532904032944,-0.15721069246960126,1
1515,-0.3159041929621757,1.1205835833550422,-0.00683311188962085,-0.17872983582972868,3
1516,0.4018585186059999,-0.15732353125720477,-0.20210112575205474,-0.31666818321655776,0
1517,0.23021960931795793,-0.22458180044732304,-0.2065672208175115,-0.3527638147081906,4
1518,-0.9166403754703227,17.329826458173542,2.174918651705188,-0.297689651445587,3
1519,-0.893235069658317,-0.022806992876968267,0.06299029064570758,-0.07139144478792998,1
1520,-0.5811643254982406,1.59139146768587,0.7208950944720522,0.2290139370169262,2
1521,-0.8074156150142959,0.7170339682143325,0.0060402884942940315,0.10992407784035602,0
1522,-0.4797413336462158,-0.35909833882755954,-0.17287853546906531,-0.19372311484246424,1
1523,-0.7450014661822807,0.24622608388350475,0.08202794284125857,-0.3424033548975921,2
1524,-0.5109484080622234,-0.09006526206708652,0.058427566459003544,-0.08492708988021051,4
1525,-0.8620279952423093,1.4568749293056333,0.3385805468324748,-0.30928972020817835,2
1526,-0.8074156150142959,0.5152591606439778,0.17781370341489144,-0.16530058948781695,2
1527,-0.8230191522222998,-0.35909833882755954,-0.17954194244548743,-0.3519752361722501,4
1528,-0.7762085405982884,-0.42635660801767783,-0.198295996746727,0.004317524933493516,1
1529,-0.8308209208263017,-0.2918400696374413,-0.21859840406771525,-0.09688856732217961,1
1530,-0.7684067719942864,-0.49361487720779607,-0.08696609836109723,0.663319656166817,1
1531,-0.7450014661822807,-0.42635660801767783,-0.20398282065160897,-0.18641393819779195,1
1532,-0.5889660941022425,-0.35909833882755954,-0.21593395610906352,-0.15100976930539114,0
1533,1.579925577810288,-0.22458180044732304,-0.150788203520029,-0.18578188222749528,4
1534,1.8841945533663627,0.11170954550326825,-0.038697851103281895,-0.1351933086137715,2
1535,2.1494546859024277,-0.35909833882755954,-0.18770567376600875,-0.17641940356305336,4
1536,-0.5343537138742291,-0.09006526206708652,-0.1379736954407796,-0.1812126702128065,0
1537,1.4394937429382537,-0.09006526206708652,-0.11940317929291497,-0.17081228094958567,1
1538,-0.5811643254982406,-0.49361487720779607,-0.2358349809264094,-0.23837273416602253,1
1539,-0.8620279952423093,-0.35909833882755954,-0.10921252350599445,0.0804420512712765,1
1540,1.767168024306334,-0.5608731463979143,-0.2428854761577687,-0.17610568859938594,1
1541,-0.12866174646612988,-0.2918400696374413,-0.21050214160108255,-0.1621242452919442,1
1542,-0.6201731685182501,-0.022806992876968267,-0.02909783367286078,0.07245856540911885,4
1543,-0.721596160370275,0.5152591606439778,0.0384859459753349,0.006024377138955327,2
1544,-0.45633602783421007,-0.2918400696374413,-0.008068134977751282,-0.10621551716627124,1
1545,1.4472955115422557,-0.49361487720779607,-0.2188762842625446,-0.01047217098685213,1
1546,-0.7996138464102941,-0.35909833882755954,-0.20287930465156653,-0.33379269696433794,0
1547,-0.5655607882902368,0.04445127631314999,-0.01291617236861135,-0.10429536750771586,2
1548,-0.7450014661822807,-0.09006526206708652,-0.09098278224726211,-0.10851270404473884,2
1549,-0.8308209208263017,-0.35909833882755954,-0.21028772787050437,-0.37794778633278964,1
1550,-0.5655607882902368,0.17896781469338652,-0.06738183409505887,-0.1787573823316824,0
1551,-0.37051657319018905,-0.15732353125720477,-0.13901889090610475,0.9874681902436163,0
1552,-0.0662475976341146,0.24622608388350475,-0.11076773776512162,-0.3239359696221575,2
1553,-0.8464244580343055,0.11170954550326825,-0.057138003702954965,-0.17705081966893932,1
1554,-0.9166403754703227,-0.22458180044732304,-0.21061420851093143,0.19072907688317714,4
1555,-0.8854333010543151,-0.5608731463979143,-0.24174994104062655,-0.22440469556035245,1
1556,-0.627974937122252,-0.5608731463979143,-0.23970014577629903,-0.20372242848497446,1
1557,0.5032815104580247,-0.22458180044732304,-0.1544441005688743,-0.06281297050619346,4
1558,-0.5889660941022425,-0.49361487720779607,-0.248756981755922,-0.12706823528259004,1
1559,-0.8230191522222998,-0.5608731463979143,-0.24896567778701817,-0.3386424715447203,1
1560,-0.09745467205012225,-0.2918400696374413,-0.1591063127265666,4.502921186421872,4
1561,0.1990125349019503,-0.2918400696374413,-0.15255554442994154,0.675559493270261,1
1562,0.5344885848740324,-0.49361487720779607,-0.23068104661325778,-0.15592203764596857,1
1563,-0.4875431022502177,0.8515505065945691,0.08020456847642156,-0.3358411319556676,0
1564,-0.36271480458618716,1.1878418525451604,0.24848675609325782,-0.2872350666958928,0
1565,1.603330883622294,-0.22458180044732304,-0.20341791194277895,-0.3068514379357834,1
1566,-0.8776315324503131,-0.5608731463979143,-0.234627402795793,-0.1630425725647639,1
1567,1.9622122394063817,-0.35909833882755954,-0.22635903757474957,-0.2613449617007488,4
1568,-0.8074156150142959,2.2639741595870526,0.2216713172922262,-0.29521508615168673,3
1569,-0.46413779643821196,0.04445127631314999,-0.07226474945275965,-0.13864883634352596,4
1570,-0.8308209208263017,-0.49361487720779607,-0.21255593925504757,-0.3092496644143917,1
1571,-0.9166403754703227,0.9188087757846873,-0.11761468289491869,0.012495561919319473,0
1572,-0.9010368382623188,-0.22458180044732304,-0.19857444871150454,-0.3606651047163778,1
1573,-0.5733625568942387,-0.42635660801767783,0.12491812196622454,-0.15932588607239476,1
1574,-0.9166403754703227,-0.22458180044732304,-0.09179412380376997,-0.30638034236384587,0
1575,-0.7762085405982884,-0.42635660801767783,-0.20705779943307442,-0.16065261265313255,1
1576,-0.8620279952423093,-0.42635660801767783,-0.23036142721220923,-0.153157808764884,4
1577,-0.03504052321810697,-0.35909833882755954,-0.20481703300604523,-0.33464913220530246,1
1578,-0.7840103092022902,2.0621993520166977,4.060116785732111,5.302404370547857,3
1579,3.1870899102346812,-0.42635660801767783,0.08909444763116771,0.6435443822777636,2
1580,1.4394937429382537,-0.42635660801767783,-0.21243815464571664,-0.07173362636893277,4
1581,-0.8074156150142959,-0.35909833882755954,-0.11783138370528973,-0.08258039256673337,1
1582,2.344498901002475,-0.42635660801767783,-0.23498018485383765,-0.273840742080579,4
1583,-0.4251289534182024,0.31348435307362305,0.011135330502780165,-0.09563811226260131,0
1584,0.5344885848740324,-0.42635660801767783,-0.21128317935033541,-0.33849554509171054,1
1585,0.6359115767260572,-0.22458180044732304,-0.2179854666832357,-0.017739122168328996,1
1586,1.3068636766702213,-0.22458180044732304,-0.18861307267381566,-0.19706948834792395,4
1587,-0.8308209208263017,-0.15732353125720477,-0.17781462543194948,-0.32597645337477815,2
1588,-0.7762085405982884,0.11170954550326825,-0.08532569037968697,-0.17660999975180455,4
1589,-0.08965290344612033,-0.49361487720779607,-0.23037629323086264,-0.35552451377709965,1
1590,-0.8542262266383074,-0.5608731463979143,-0.22529211485139244,-0.10931585302303062,1
1591,-0.09745467205012225,0.11170954550326825,0.21607025887957554,-0.2097182195270889,0
1592,-0.9166403754703227,-0.42635660801767783,-0.20397538764228226,-0.1655887020339202,1
1593,-0.8854333010543151,-0.022806992876968267,-0.13855632901800408,-0.18047592841654894,4
1594,-0.9088386068663208,-0.09006526206708652,-0.1474473517126466,0.41558284544478047,2
1595,-0.17547235809014133,-0.22458180044732304,-0.16078502929450683,-0.35436835513499226,1
1596,0.15220192327793886,-0.49361487720779607,-0.22080886668748942,-0.13946028819135212,1
1597,-0.5187501766662254,-0.49361487720779607,-0.25541524280281025,0.007628995310415959,1
1598,0.35504790698198846,-0.49361487720779607,-0.23803229283737476,1.41076937718075,1
1599,-0.8776315324503131,0.4480008914538595,-0.12324490157492804,-0.322186312134672,0
1600,-0.11305820925812606,-0.35909833882755954,-0.19999929942244019,2.522408060087429,1
1601,2.001221082426391,-0.5608731463979143,-0.2339893075335923,-0.18453353729884067,1
1602,-0.8464244580343055,0.7170339682143325,-0.04769636654818762,-0.17527536577835454,0
1603,0.7763434115980916,-0.35909833882755954,-0.2545175639841229,-0.31608742592629613,4
1604,-0.5655607882902368,0.04445127631314999,0.06693493151839816,4.251219574136376,0
1605,-0.627974937122252,-0.2918400696374413,-0.17327877443281128,-0.16910493808209348,1
1606,2.375705975418483,-0.42635660801767783,-0.20804524613363054,-0.1954883139606925,4
1607,-0.4095254162101986,-0.35909833882755954,-0.17442974733855504,-0.18817968784673783,1
1608,1.0260000069261526,-0.35909833882755954,-0.17326505195405428,-0.22448639866222214,4
1609,-0.893235069658317,0.6497756990242143,0.5106907342525672,-0.13254908384257136,0
1610,-0.9088386068663208,1.7259080060661065,1.8974221145110934,0.8594908054075089,3
1611,-0.5265519452702272,-0.09006526206708652,-0.13840595352162524,-0.24302094965727541,4
1612,-0.5889660941022425,-0.35909833882755954,-0.14508651359649363,-0.14076614369559454,4
1613,0.18340899769394647,0.31348435307362305,-0.09848097334806867,-0.10590967575883163,0
1614,3.296314670690708,-0.15732353125720477,0.2208616910455629,0.6746121187873259,3
1615,-0.9088386068663208,0.11170954550326825,-0.059084308606656775,0.25351772270928663,2
1616,-0.33930949877418143,-0.5608731463979143,-0.24269050260542963,-0.08054078953104113,1
1617,-0.4251289534182024,-0.2918400696374413,-0.1717647276099551,-0.10317608437040869,0
1618,-0.6903890859542673,-0.5608731463979143,-0.2538600285436831,1.229757714208069,1
1619,-0.9010368382623188,-0.022806992876968267,-0.1729911741488624,-0.34507235931135716,2
1620,-0.9010368382623188,-0.35909833882755954,-0.21233409251514265,-0.34012687249797785,4
1621,-0.2378865069221566,-0.35909833882755954,-0.2124164273876847,-0.15555841874843296,1
1622,0.5656956592900401,-0.49361487720779607,-0.24025133200637203,-0.24477483377465933,1
1623,1.517511428978273,-0.35909833882755954,-0.187657073320411,-0.15518349433027104,4
1624,0.3628496755859904,-0.2918400696374413,-0.16637979823772725,-0.11074580164492598,1
1625,-0.12085997786212797,0.24622608388350475,-0.03360280909479574,-0.309193303553701,2
1626,2.087040537070412,-0.22458180044732304,-0.14798824608365188,-0.2864400674133495,1
1627,1.4082866685222462,-0.22458180044732304,-0.2141065793545891,-0.25858283900346674,4
1628,0.23802137792195985,-0.09006526206708652,-0.19983005551777047,-0.12055790759800913,0
1629,-0.9166403754703227,0.04445127631314999,-0.21931311650297589,-0.13705649146013663,4
1630,0.06638246863391785,-0.42635660801767783,-0.1376586501993167,-0.14680733048161415,1
1631,-0.893235069658317,0.04445127631314999,-0.0895013263114538,-0.307480450040608,0
1632,-0.6825873173502655,-0.49361487720779607,-0.22969074106296059,-0.20686274853463435,1
1633,-0.36271480458618716,-0.09006526206708652,-0.16279594420235619,-0.12962805290236462,4
1634,-0.7840103092022902,-0.2918400696374413,-0.2118875401855918,-0.16911352466762633,1
1635,0.394056750001998,-0.42635660801767783,-0.1856152828353584,-0.13121117894883996,1
1636,1.5331149661862766,-0.15732353125720477,-0.18142649619478274,-0.33135315169657387,4
1637,1.5643220406022844,-0.49361487720779607,-0.22705030744213364,-0.25238996633039706,1
1638,-0.26129181273416235,-0.22458180044732304,-0.17389457066703184,-0.14919270736996124,4
1639,1.431691974334252,1.3223583909253969,3.59893572205634,6.166772459368758,3
1640,-0.8620279952423093,-0.22458180044732304,-0.13325659336805928,-0.209465002723979,1
1641,2.048031694050403,-0.49361487720779607,-0.2383759265762481,-0.3595182538346412,1
1642,-0.893235069658317,-0.5608731463979143,-0.23208588537600613,-0.24218971451153112,1
1643,-0.12866174646612988,-0.15732353125720477,0.0007502729334687488,-0.18326040202087315,4
1644,2.2352741405464487,-0.42635660801767783,-0.2286295360390856,-0.32390029696602346,4
1645,0.394056750001998,-0.42635660801767783,-0.21603172877020718,-0.2032625963102737,1
1646,-0.9088386068663208,-0.22458180044732304,-0.1517081813666965,-0.2818902269309126,0
1647,-0.1442652836741337,-0.35909833882755954,-0.22966844203498046,-0.1877655887292149,1
1648,-0.8230191522222998,-0.2918400696374413,-0.19748694227001196,-0.30429034406238026,1
1649,-0.4251289534182024,-0.35909833882755954,-0.1552148464590594,0.09552072669712043,1
1650,-0.9010368382623188,-0.022806992876968267,-0.10384989316174671,-0.002402738234095204,0
1651,1.0338017755301545,-0.2918400696374413,-0.1800228009719308,-0.17408008922054835,1
1652,-0.5889660941022425,-0.49361487720779607,-0.22836938071265073,-0.19797446974129196,1
1653,-0.8776315324503131,0.6497756990242143,-0.06310671019230374,-0.284070339210458,2
1654,-0.8620279952423093,-0.022806992876968267,0.20734390593001706,0.06305044590041264,0
1655,-0.5889660941022425,-0.49361487720779607,-0.2108600695886611,-0.18325317478147027,1
1656,-0.7293979289742769,-0.5608731463979143,-0.19577449127512742,-0.196926414366482,1
1657,-0.44073249062620623,-0.022806992876968267,-0.05396868288003513,-0.20483664280981864,0
1658,-0.11305820925812606,-0.22458180044732304,-0.16730149139423936,0.0034931829078020415,4
1659,-0.5733625568942387,-0.49361487720779607,-0.1928264454221643,-0.1624444310165421,1
1660,-0.8308209208263017,0.7842922374044509,0.6121770412098388,-0.08069684204872721,0
1661,1.3224672138782252,-0.15732353125720477,-0.14348841659125078,-0.00393932871500918,4
1662,0.23802137792195985,-0.022806992876968267,-0.15817661479077955,-0.1453989620774312,0
1663,1.595529115018292,-0.49361487720779607,-0.22490559836640348,0.5466948350658761,4
1664,0.2068143035059522,-0.35909833882755954,-0.2204800989672695,-0.22056938979976357,1
1665,-0.7371996975782787,0.3807426222637413,0.07198080131133838,-0.23925847145308785,0
1666,-0.8854333010543151,-0.35909833882755954,-0.23246496885166837,-0.3228899887666941,1
1667,-0.1364635150701318,-0.15732353125720477,-0.17848988574078378,-0.3318831101751918,4
1668,-0.627974937122252,-0.2918400696374413,-0.2321253375024325,-0.1922889786958891,1
1669,-0.7840103092022902,0.6497756990242143,0.7313544821346306,0.18392707785032927,2
1670,1.4863043545622652,-0.2918400696374413,-0.13078368834205742,0.3162362459787989,4
1671,-0.8230191522222998,-0.22458180044732304,-0.022679716004220106,1.6429777897339242,4
1672,-0.893235069658317,0.582517429834096,-0.09589257079252869,-0.15605375321958348,2
1673,0.7763434115980916,-0.35909833882755954,-0.2314209169262396,-0.17103841877834974,4
1674,3.038856306758645,-0.49361487720779607,-0.2247403568513712,-0.17356343317645245,1
1675,-0.8776315324503131,-0.15732353125720477,-0.2029233309375786,-0.135539138041898,4
1676,1.002594701114147,-0.2918400696374413,-0.18743751366029895,-0.03790525671060683,4
1677,2.531741347498521,-0.49361487720779607,-0.25027503096841563,0.2131247702685655,4
1678,0.4330655930220076,-0.49361487720779607,-0.2463343924853625,-0.3284494794518526,1
1679,-0.6747855487462635,0.04445127631314999,-0.02034289222589188,-0.17366705377181038,4
1680,-0.8074156150142959,1.9276828136364612,1.0490853270442624,-0.050575696581484475,2
1681,1.7125556440783207,-0.49361487720779607,-0.22547736831461201,-0.30155849387535266,1
1682,0.03517539421791021,-0.35909833882755954,-0.17338569541312626,-0.20167299509733522,1
1683,1.4707008173542615,-0.35909833882755954,-0.17774486949826807,-0.3635202652104097,4
1684,1.525313197582275,-0.35909833882755954,-0.1943239109165224,-0.21683476572981897,4
1685,-0.8542262266383074,0.04445127631314999,0.05069323436958687,-0.0509049182753001,1
1686,-0.5109484080622234,-0.35909833882755954,-0.2225453320201987,1.430467433722499,4
1687,0.5734974278940419,-0.2918400696374413,-0.16947307365753533,-0.18023931883191766,1
1688,3.1870899102346812,-0.42635660801767783,-0.21289042467474956,-0.35815613279121244,4
1689,-0.5187501766662254,-0.35909833882755954,-0.05434662281580097,-0.2690535751396535,4
1690,-0.3081024243581738,-0.22458180044732304,-0.1526258721335712,-0.3358601662472144,4
1691,-0.7450014661822807,0.31348435307362305,-0.0762511295316695,-0.17111890588291923,2
1692,-0.003833448802099333,-0.22458180044732304,-0.17404037200382502,-0.17124943781893526,4
1693,-0.9088386068663208,1.1205835833550422,0.024376950733341365,-0.2519584662005054,0
1694,-0.9088386068663208,-0.15732353125720477,-0.15109524398221702,-0.14441513137354672,1
1695,-0.9166403754703227,0.3807426222637413,0.9843449593485079,0.4341253185359076,2
1696,-0.07404936623811652,-0.35909833882755954,-0.19684884700781125,-0.09324393071831066,1
1697,0.011770088405904485,-0.22458180044732304,-0.17690208059460868,-0.1124319116394136,1
1698,1.501907891770269,-0.42635660801767783,-0.21218028639907457,-0.01037381757135587,1
1699,-0.3471112673781833,-0.35909833882755954,-0.20285872093343102,-0.18570095159593147,4
1700,3.5849801090387787,-0.49361487720779607,-0.23773611600420272,0.01174725383331071,1
1701,-0.8854333010543151,-0.35909833882755954,-0.1933862082014604,-0.2008011322722135,4
1702,-0.6435784743302558,-0.49361487720779607,-0.2275820534939676,-0.15679888952197543,1
1703,-0.33930949877418143,0.6497756990242143,-0.026700974049970648,-0.17302350344913328,0
1704,-0.5889660941022425,0.11170954550326825,-0.03490587280676296,-0.13334598091326855,4
1705,-0.3471112673781833,1.053325314164924,2.583210423401723,-0.08467841584844031,3
1706,-0.7840103092022902,-0.15732353125720477,-0.017924877114918036,-0.24326463168223433,4
1707,-0.12085997786212797,-0.15732353125720477,0.11559426942078815,0.20891790207362643,1
1708,1.595529115018292,-0.2918400696374413,-0.1561462597046911,-0.3529520242467713,4
1709,-0.4173271848142005,-0.22458180044732304,-0.15319192438229765,-0.16963644570144187,4
1710,-0.8074156150142959,-0.09006526206708652,-0.07594980676896361,-0.16099926842173534,4
1711,-0.8386226894303036,-0.2918400696374413,-0.19990838800067504,-0.1149333199441614,1
1712,-0.01943698601010315,-0.09006526206708652,-0.13217251754625592,-0.20203223668145096,1
1713,-0.7762085405982884,0.11170954550326825,-0.11067511103351185,0.012142205685161509,1
1714,1.080612387154166,-0.42635660801767783,-0.2358246890673416,0.0473524389420272,4
1715,1.7827715615143378,-0.42635660801767783,-0.21490076781265074,-0.18902567413881435,4
1716,-0.8464244580343055,-0.22458180044732304,-0.15337546253567258,0.04876194081609613,4
1717,1.3848813627102405,-0.35909833882755954,-0.21335184302295385,-0.03332247041004803,4
1718,-0.5811643254982406,1.389616660115515,0.40610086001641926,-0.15965729260509187,0
1719,-0.07404936623811652,-0.022806992876968267,-0.19920453919443037,-0.2584983265710219,0
1720,-0.8776315324503131,-0.2918400696374413,-0.2106199262104135,-0.33157411016891647,1
1721,-0.7528032347862826,-0.42635660801767783,-0.21815985651743933,-0.15788221712443362,1
1722,0.09758954304992548,-0.42635660801767783,-0.22329835304198933,-0.3048188020771647,1
1723,0.8387575604301069,-0.42635660801767783,-0.20165800404219314,-0.27227124987418644,1
1724,0.011770088405904485,-0.42635660801767783,-0.16405040746872573,-0.18578829495256813,1
1725,-0.04284229182210888,-0.22458180044732304,-0.11560548329691395,-0.10429668168760428,4
1726,0.1912107662979484,-0.35909833882755954,-0.22175686126161914,-0.17362053259419089,4
1727,1.6501414952463054,-0.35909833882755954,-0.21358798401156398,-0.3325439437636789,4
1728,0.2926337581499732,0.24622608388350475,0.02643475077694383,-0.15764811937343634,0
1729,-0.2378865069221566,-0.022806992876968267,-0.15134510744958413,-0.1210237441741448,1
1730,1.7593662557023322,-0.35909833882755954,-0.18506066598559612,-0.15362856831672528,4
1731,-0.893235069658317,-0.42635660801767783,-0.22558257398508236,-0.18560445380148197,1
1732,-0.7840103092022902,-0.15732353125720477,-0.10159368894611588,-0.16172754292192323,4
1733,0.8543610976381106,-0.2918400696374413,-0.2082779565025514,-0.1394151386179658,1
1734,0.6359115767260572,-0.35909833882755954,-0.2551024846411402,-0.38770259400381724,4
1735,-0.6981908545582692,0.6497756990242143,0.012774594944294006,-0.3110236693706971,0
1736,1.681348569662313,-0.42635660801767783,-0.04430119659572542,-0.14367431075690446,4
1737,-0.16767058948613942,-0.42635660801767783,-0.2252080646690058,-0.23996434425311233,1
1738,0.44866913023001137,-0.2918400696374413,-0.03852803542866395,-0.17606815090963127,1
1739,0.13659838606993502,-0.42635660801767783,-0.248902211322767,-0.19624965313292442,1
1740,-0.8776315324503131,-0.22458180044732304,-0.11040066145837175,0.29829451237114624,4
1741,-0.058445829030112695,0.11170954550326825,-0.07801103743225532,-0.27106595117758825,0
1742,2.0636352312584068,-0.42635660801767783,-0.16856224413003917,0.10348319626056154,4
1743,-0.24568827552615852,-0.09006526206708652,-0.15737499332339122,-0.3524510507511845,0
1744,0.5656956592900401,-0.35909833882755954,-0.1953708216916922,-0.2570463321328738,0
1745,-0.6045696313102463,-0.09006526206708652,0.011372043261338512,-0.3202137210487877,4
1746,-0.7371996975782787,0.5152591606439778,0.19437902235438878,-0.12667714384708287,0
1747,-0.8308209208263017,-0.35909833882755954,-0.1851470032477756,-0.33493724079878334,1
1748,-0.5577590196862349,-0.15732353125720477,0.3055848466612573,0.02294821831357645,2
1749,-0.5733625568942387,0.7842922374044509,0.5860757430741197,-0.1131549720053208,0
1750,-0.8386226894303036,-0.2918400696374413,-0.1858788687814825,-0.29111048951071716,4
1751,-0.08185113484211842,-0.42635660801767783,-0.1602532832426729,-0.11497703088916587,1
1752,-0.19107589529814514,-0.09006526206708652,0.11211504928593928,7.791113720263976,0
1753,-0.30030065575417186,0.6497756990242143,0.04986016555504707,-0.22854797742827648,2
1754,0.3628496755859904,-0.22458180044732304,-0.19375442804810672,-0.3236064369138302,4
1755,0.9167752464701259,-0.42635660801767783,-0.22178945214866705,-0.038690052358982936,1
1756,-0.9088386068663208,8.451734925077933,10.201036381091658,1.3502915533449562,3
1757,-0.6435784743302558,0.17896781469338652,-0.0872794282927155,-0.14771930505720676,2
1758,-0.7528032347862826,-0.15732353125720477,-0.2082442220756071,-0.25649249736600177,1
1759,0.4720744360420171,-0.2918400696374413,-0.12421748225683073,-0.11477813831954758,4
1760,-0.24568827552615852,-0.49361487720779607,-0.13777643480864762,-0.17123428812601751,1
1761,-0.6903890859542673,-0.42635660801767783,-0.21440104087791648,-0.16623819916961566,1
1762,1.1430265359861813,-0.35909833882755954,-0.21663037190598153,-0.36554851990682147,1
1763,0.35504790698198846,0.17896781469338652,-0.14682812485873678,-0.36389822445196696,1
1764,1.4941061231662671,-0.42635660801767783,-0.2110739115492911,-0.26315823178722364,1
1765,-0.37051657319018905,-0.35909833882755954,-0.21143298307676606,-0.213115618670361,1
1766,1.7437627184943283,-0.42635660801767783,-0.2025756948090678,-0.15942603153708945,4
1767,-0.4797413336462158,-0.42635660801767783,-0.21350507736907373,-0.1297024118925252,4
1768,-0.5733625568942387,-0.022806992876968267,-0.04192835131066005,-0.19258595738881906,4
1769,1.9544104708023797,-0.49361487720779607,-0.21207736780839706,-0.13506257641154668,4
1770,1.9778157766143856,-0.22458180044732304,-0.1930568687112923,-0.07411355481260537,1
1771,-0.4953448708542196,-0.49361487720779607,-0.23485954139476567,-0.14356588939794707,1
1772,2.453723661458502,-0.35909833882755954,-0.18971830398370274,-0.21993468256977436,1
1773,0.06638246863391785,0.24622608388350475,0.30193809793158344,0.9337385148275025,0
1774,-0.5343537138742291,-0.09006526206708652,-0.20125033206912044,-0.17538570340245227,4
1775,-0.45633602783421007,-0.22458180044732304,0.05170126478827851,-0.15520365998367366,1
1776,-0.5889660941022425,0.11170954550326825,-0.0742670878113859,-0.26213234229602395,1
1777,-0.6825873173502655,-0.5608731463979143,-0.2495202946367804,-0.37489586089818727,1
1778,-0.03504052321810697,-0.15732353125720477,-0.04550420056675615,-0.18044717937888635,1
1779,-0.8854333010543151,-0.35909833882755954,-0.175608736971761,-0.16996405663103697,4
1780,0.06638246863391785,0.24622608388350475,-0.03941885300797282,-0.153797179162563,0
1781,-0.8308209208263017,0.24622608388350475,0.10479525040897379,0.28721885127229885,2
1782,1.509709660374271,-0.2918400696374413,-0.21508830835566312,-0.1852612695892395,1
1783,-0.3861201103981929,-0.15732353125720477,-0.21097899773788847,-0.1353902466487575,4
1784,-0.5655607882902368,-0.35909833882755954,-0.19831886754465536,-0.1716697996534309,1
1785,-0.45633602783421007,-0.35909833882755954,-0.15095916273454338,-0.1758237817135457,4
1786,-0.7059926231622712,0.6497756990242143,0.31071705371637703,-0.28360894774239936,0
1787,-0.8776315324503131,0.4480008914538595,0.03335888484974907,-0.1348273731483939,0
1788,-0.5109484080622234,-0.42635660801767783,-0.20484447796355923,0.3798331074115142,1
1789,0.5266868162700304,-0.49361487720779607,-0.24747564530198674,-0.36604048171986314,1
1790,-0.9166403754703227,1.4568749293056333,1.4210622740202297,0.4799031736606189,0
1791,-0.02723875461410506,-0.22458180044732304,-0.19444855676523184,-0.0944944434690105,1
1792,-0.8776315324503131,0.31348435307362305,0.03031535341543507,-0.13881686250630962,1
1793,-0.2534900441301604,-0.49361487720779607,-0.18016116929939727,2.369391425925923,1
1794,-0.46413779643821196,0.04445127631314999,0.12666316384815693,-0.08371231777506635,0
1795,-0.12085997786212797,-0.22458180044732304,-0.19845437702238078,-0.3027299508461768,1
1796,-0.635776705726254,0.582517429834096,0.032624732236249315,-0.1685361326927884,2
1797,1.8217804045343473,-0.35909833882755954,-0.19839205409802604,-0.3517832013856701,4
1798,-0.47193956504221385,-0.09006526206708652,-0.08666077320875387,-0.17016913802657724,4
1799,-0.8620279952423093,-0.35909833882755954,-0.17437257034373418,-0.15065791580383792,1
1800,-0.5265519452702272,1.9276828136364612,0.18501857653226705,-0.26482113478376645,3
1801,-0.8854333010543151,-0.42635660801767783,-0.2059485657335499,-0.20814661636877654,1
1802,-0.9010368382623188,1.2551001217352786,0.2061191747009544,-0.19218765198772972,2
1803,-0.9088386068663208,-0.2918400696374413,-0.1649549475267916,-0.2968970041593865,1
1804,-0.9166403754703227,5.895920695853438,-0.090894729675238,-0.3522748964410791,3
1805,1.6111326522262959,-0.2918400696374413,-0.20623387893770592,-0.14059103417371588,1
1806,-0.8464244580343055,-0.42635660801767783,-0.2301132790546867,-0.23475701554721995,1
1807,-0.6903890859542673,-0.42635660801767783,-0.2260291263146332,-0.33044097696773,1
1808,-0.7371996975782787,-0.49361487720779607,-0.18621163889133988,-0.1289967670600909,1
1809,0.21461607210995412,0.11170954550326825,-0.15654935751817808,-0.3069364750822493,0
1810,0.7607398743900877,-0.49361487720779607,-0.22176543781084226,-0.1797102298737782,1
1811,1.1430265359861813,-0.49361487720779607,-0.24409877198786722,-0.21469874127091984,1
1812,-0.893235069658317,0.24622608388350475,-0.03744052898717134,-0.061846499333866455,2
1813,1.4707008173542615,-0.2918400696374413,-0.2079017318766302,-0.34296171041201534,4
1814,-0.8542262266383074,-0.2918400696374413,-0.23307276030661403,-0.29145203499987643,1
1815,-0.8854333010543151,-0.5608731463979143,-0.24300268899715147,-0.163714993128778,1
1816,-0.5733625568942387,0.4480008914538595,0.35146481084540565,-0.2893003313834206,0
1817,-0.3315077301701795,0.11170954550326825,-0.08587344599007074,-0.285302735601136,0
1818,0.5266868162700304,-0.42635660801767783,-0.18409780539281298,-0.1774600986222173,1
1819,2.7735961742225803,-0.42635660801767783,-0.22802403166393279,0.04964985080867846,0
1820,0.44866913023001137,-0.2918400696374413,0.10043893517357301,0.20501904494383974,1
1821,-0.4953448708542196,0.31348435307362305,-0.03759090448355019,-0.28980393990657893,2
1822,-0.7528032347862826,0.3807426222637413,-0.14353358641715927,0.3951920159338206,0
1823,-0.6903890859542673,1.6586497368759883,0.26089930989891663,-0.29586997278519,2
1824,-0.7528032347862826,0.11170954550326825,-0.15709082365913157,-0.13648342631941485,4
1825,-0.16767058948613942,1.1205835833550422,-0.02645511297224097,-0.3218538812532472,0
1826,-0.8308209208263017,1.053325314164924,0.39038633475985623,-0.09599322797597526,2
1827,-0.8464244580343055,-0.2918400696374413,-0.11003358515162187,-0.17517352153014404,1
1828,0.21461607210995412,-0.42635660801767783,-0.21625700612980137,-0.1762256861322082,1
1829,-0.635776705726254,-0.42635660801767783,-0.1958928476544066,-0.1700986005680785,1
1830,3.085666918382657,-0.35909833882755954,-0.19595974473834699,-0.18808938869996517,0
1831,-0.8620279952423093,0.11170954550326825,-0.013484511697130651,-0.13674198987627434,4
1832,-0.893235069658317,0.04445127631314999,0.07554521516847032,-0.05648388509031724,0
1833,-0.8386226894303036,-0.2918400696374413,-0.16089938328414852,0.06798960043591094,1
1834,-0.20667943250614895,-0.42635660801767783,-0.23392584106934114,-0.15624701997524387,1
1835,1.7827715615143378,0.3807426222637413,-0.0006768648572597276,-0.27676840339642833,0
1836,-0.9166403754703227,21.634355686341113,13.911042307215721,-0.04283929795726555,3
1837,0.18340899769394647,-0.35909833882755954,0.03465966148192346,-0.02435420587157199,1
1838,-0.02723875461410506,-0.22458180044732304,-0.1733479585965445,-0.20786159677635824,1
1839,-0.7762085405982884,-0.022806992876968267,-0.023552236945186326,0.441820297855426,2
1840,-0.12085997786212797,-0.49361487720779607,-0.2299977815251486,-0.1500128184815749,1
1841,-0.5109484080622234,-0.15732353125720477,-0.1278516520476441,-0.26199425238048246,4
1842,-0.9166403754703227,0.4480008914538595,0.2154035751199644,-0.1600854257401695,0
1843,-0.9166403754703227,3.6763978125795362,1.6267879602353974,0.06047607973757801,3
1844,-0.5343537138742291,-0.2918400696374413,-0.1352915226137334,-0.15566823897571014,1
1845,-0.7528032347862826,0.4480008914538595,0.20916384967516474,-0.16118099545461526,4
1846,0.5969027337060476,-0.35909833882755954,-0.17002883404719402,-0.08262719095903902,4
1847,0.07418423723791975,-0.42635660801767783,-0.2387207038550178,-0.1622268530724138,1
1848,0.14440015467393694,-0.35909833882755954,-0.19247709398380888,-0.1203233190146126,4
1849,-0.5187501766662254,-0.2918400696374413,-0.18896642650180853,-0.13514127029163217,4
1850,-0.6825873173502655,-0.022806992876968267,-0.08168637465933971,-0.16889220054677406,2
1851,-0.9088386068663208,0.11170954550326825,0.15846329305767043,-0.16879101449492717,2
1852,0.5578938906860381,-0.2918400696374413,-0.14779670315100202,-0.06020976974865154,4
1853,-0.713794391766273,0.11170954550326825,0.007609797002126418,-0.2331654074871657,4
1854,-0.20667943250614895,-0.15732353125720477,-0.17513702676448897,-0.17150451623225482,4
1855,-0.5655607882902368,0.04445127631314999,-0.1328426319255563,-0.33927314831736965,2
1856,-0.0662475976341146,-0.2918400696374413,-0.21192356169232895,-0.289598117852259,4
1857,-0.7293979289742769,-0.022806992876968267,-0.12236780647437616,-0.2442805820408524,0
1858,1.852987478950355,-0.15732353125720477,-0.11526356486788525,-0.16719395416695362,0
1859,-0.9010368382623188,-0.49361487720779607,-0.21016479733163954,-0.235336823734382,1
1860,1.0572070813421603,-0.35909833882755954,-0.18751813322299635,-0.24150298654937288,1
1861,-0.7293979289742769,0.6497756990242143,-0.015893950258881333,-0.3266684253704023,0
1862,-0.6201731685182501,-0.022806992876968267,-0.005623818449159845,-0.02914851776596547,0
1863,0.5969027337060476,-0.09006526206708652,-0.13655570596922245,-0.14919283145078724,4
1864,-0.6435784743302558,-0.42635660801767783,-0.25213042445035233,-0.07117707672575249,1
1865,-0.5733625568942387,-0.22458180044732304,-0.1698590183725761,-0.17083810459446958,1
1866,-0.45633602783421007,-0.35909833882755954,-0.20855640846732898,-0.0647002868131655,4
1867,-0.9088386068663208,0.7170339682143325,-0.026129204101762123,-0.13536927719172337,0
1868,1.767168024306334,-0.2918400696374413,-0.18139847946732052,-0.1104960485381508,4
1869,-0.8620279952423093,-0.022806992876968267,-0.019256529324295682,-0.32722776367993023,4
1870,-0.9010368382623188,5.963178965043557,3.6905361266090866,1.0706015980578991,3
1871,1.9154016277823702,-0.42635660801767783,-0.2237734938689506,0.47792701817926353,1
1872,-0.003833448802099333,-0.2918400696374413,-0.05077077355970487,-0.07630097137726377,2
1873,-0.2534900441301604,0.11170954550326825,-0.06514850067735638,-0.059169862636828184,0
1874,1.7359609498903263,-0.35909833882755954,-0.17211636612810335,-0.3368841909283108,4
1875,-0.8386226894303036,0.5152591606439778,0.7977524109102418,-0.02738373762992134,2
1876,-0.003833448802099333,-0.15732353125720477,-0.19069831767493214,-0.20338147395661882,4
1877,-0.3939218790021948,0.31348435307362305,0.08728593928498415,-0.183658660950073,0
1878,-0.5577590196862349,0.17896781469338652,-0.23581382543832569,-0.3609430525405277,0
1879,-0.3939218790021948,1.2551001217352786,0.07028721872474473,-0.34750306044183504,2
1880,0.7217310313700782,0.5152591606439778,0.2243963728653881,-0.19517176159208366,2
1881,2.3991112812304887,-0.35909833882755954,-0.2258078513446765,-0.2721154486446413,0
1882,-0.9166403754703227,-0.35909833882755954,-0.1509877512319538,0.1381234276985649,4
1883,-0.8386226894303036,-0.09006526206708652,-0.09857531538952309,-0.08806211418076411,4
1884,-0.893235069658317,-0.42635660801767783,-0.25287658423276443,0.2125478590530738,1
1885,-0.8074156150142959,0.4480008914538595,0.16985237865603597,-0.1627096146125444,2
1886,1.7125556440783207,-0.42635660801767783,-0.10792489758262885,-0.052540808308138925,1
1887,0.019571857009906393,-0.09006526206708652,-0.12208592388990934,-0.1283362565490503,4
1888,-0.6435784743302558,-0.22458180044732304,-0.06363788447418947,-0.24595171572363247,1
1889,-0.8464244580343055,0.582517429834096,1.0383583510459224,3.723894288419824,2
1890,-0.3159041929621757,-0.42635660801767783,-0.2423474406365045,-0.34586974628703665,1
1891,-0.7840103092022902,0.31348435307362305,-0.0063236648657670645,-0.03729221418050955,2
1892,-0.8776315324503131,-0.35909833882755954,-0.24221822062820936,-0.11752843142321896,1
1893,-0.7840103092022902,-0.42635660801767783,-0.20272378322565382,-0.1993170456879081,4
1894,-0.7293979289742769,0.6497756990242143,-0.007520379367367521,-0.3454747063322287,2
1895,-0.3549130359821852,-0.22458180044732304,-0.1392155797682885,-0.20804024328497644,4
1896,0.394056750001998,-0.35909833882755954,-0.18725168842713116,-0.21763560396524967,4
1897,1.6111326522262959,-0.09006526206708652,-0.13982851715276803,-0.2635329066190984,0
1898,-0.6903890859542673,-0.42635660801767783,-0.19673792363785877,-0.1337230634927094,1
1899,0.09758954304992548,-0.15732353125720477,-0.03423976081710002,-0.17675022384257183,4
1900,-0.20667943250614895,-0.09006526206708652,-0.052173897012608585,-0.17922122483078534,4
1901,-0.01943698601010315,-0.42635660801767783,-0.19317065093098582,-0.213386973369384,1
1902,-0.635776705726254,0.31348435307362305,-0.06217815579641311,-0.004343539596516735,0
1903,-0.8074156150142959,0.31348435307362305,0.2589409978263025,-0.003942712473886067,0
1904,1.1118194615701738,-0.2918400696374413,-0.23247125832109866,-0.17980906073303898,4
1905,1.4472955115422557,-0.022806992876968267,-0.14562283380791324,-0.15234478380556413,0
1906,-0.5343537138742291,0.5152591606439778,0.023600487143674194,-0.27021747023803444,0
1907,3.1870899102346812,-0.2918400696374413,-0.21884483691539314,0.30801842362816023,0
1908,1.4004848999182442,-0.42635660801767783,-0.20894006610257687,-0.19922431141825608,1
1909,1.579925577810288,-0.49361487720779607,-0.22560887540269994,-0.15797599142018812,1
1910,-0.8542262266383074,3.4073647358190633,0.706545955851811,-0.18254472816140083,3
1911,-0.8854333010543151,-0.5608731463979143,-0.24126851074423503,-0.1543522897005783,1
1912,-0.713794391766273,0.9188087757846873,0.39989315368871936,-0.09001674566287104,0
1913,0.06638246863391785,-0.42635660801767783,-0.194925984671986,-0.20291498354777224,1
1914,-0.8620279952423093,1.2551001217352786,3.047639140383319,4.5301120803621,3
1915,-0.8776315324503131,-0.35909833882755954,-0.18768623358776965,-0.3568166723009434,1
1916,-0.721596160370275,-0.09006526206708652,0.0027308840340630925,0.04044304592048143,4
1917,-0.7996138464102941,-0.2918400696374413,-0.16559590163873336,-0.33019147883320743,4
1918,1.166431841798187,0.04445127631314999,0.31711172881714117,-0.1496471171362904,0
1919,-0.7762085405982884,-0.2918400696374413,-0.13214793143848294,-0.0693709600137864,4
1920,-0.9166403754703227,0.3807426222637413,-0.055240871014799096,-0.29945220444413234,0
1921,-0.8308209208263017,-0.15732353125720477,-0.100582227907735,0.04632490301008323,1
1922,-0.37051657319018905,0.04445127631314999,-0.1000802138932079,-0.16587572141514356,0
1923,-0.7762085405982884,0.17896781469338652,-0.11945978451778759,0.04690885298789522,0
1924,-0.5811643254982406,0.11170954550326825,-0.14066787543673814,-0.07330472528848599,0
1925,-0.9166403754703227,2.5330072363475256,1.4503574790866416,0.009827293308154243,3
1926,0.7217310313700782,-0.42635660801767783,-0.22579927479545342,-0.19872060824666127,1
1927,-0.7918120778062921,-0.2918400696374413,-0.10648289377324695,0.4145006299331502,4
1928,-0.893235069658317,-0.022806992876968267,-0.10840518433912402,-0.11780936857512428,1
1929,-0.8776315324503131,-0.2918400696374413,-0.14518943218717115,0.1331105782752497,1
1930,0.1990125349019503,-0.35909833882755954,-0.11784396264415033,0.04596543787329911,1
1931,-0.8698297638463113,-0.09006526206708652,-0.12651771275847362,-0.21462626412858843,0
1932,-0.5265519452702272,-0.09006526206708652,0.17092616261877155,-0.040542718982358165,1
1933,-0.1442652836741337,-0.2918400696374413,-0.2222863202336602,-0.18286362657765592,1
1934,-0.8386226894303036,1.389616660115515,-0.051905165136950565,-0.11423937816781278,0
1935,1.6501414952463054,0.24622608388350475,0.21833732672422232,-0.21549079171462723,0
1936,0.8621628662421126,-0.2918400696374413,0.011323442815740766,-0.02997832864007987,4
1937,-0.7840103092022902,1.5241331984957516,0.41237775050785247,-0.2034695615561063,2
1938,1.4394937429382537,-0.15732353125720477,-0.16363930487596376,-0.12147450413718236,1
1939,-0.8542262266383074,-0.22458180044732304,-0.05672747288014126,-0.02629592802097472,4
1940,1.7281591812863244,-0.22458180044732304,-0.1544967034041095,-0.2574228463359659,4
1941,-0.26129181273416235,-0.15732353125720477,-0.16250376975882166,-0.15104774225824175,4
1942,0.12879661746593313,-0.09006526206708652,-0.1410143680253525,-0.31418599088463084,0
1943,0.08198600584192167,-0.09006526206708652,-0.17511701481630168,-0.13895629855349853,4
1944,-0.8308209208263017,1.59139146768587,0.34346060334043454,-0.09361311585812325,2
1945,-0.7762085405982884,0.11170954550326825,0.05672369201334218,-0.025003445824457387,4
1946,-0.7450014661822807,-0.35909833882755954,-0.21519522933597815,-0.32184441316753176,1
1947,-0.7293979289742769,0.04445127631314999,-0.08217924035469545,-0.3013979303749569,1
1948,-0.16767058948613942,0.7170339682143325,-0.12514660842266956,-0.2566103879187327,0
1949,-0.8620279952423093,0.31348435307362305,0.0926194093618733,0.4668032183384547,0
1950,-0.635776705726254,0.6497756990242143,0.12303985768635957,-0.05359758183389508,0
1951,1.7749697929103359,-0.49361487720779607,-0.22547336592497455,-0.027906637704908366,1
1952,1.4628990487502596,-0.35909833882755954,-0.24636298098277293,-0.35105080963494073,4
1953,-0.02723875461410506,-0.2918400696374413,-0.14232372120675005,1.017583615019387,4
1954,1.8685910161583588,-0.2918400696374413,-0.1719922920493421,-0.2086909653839323,4
1955,1.1352247673821794,-0.2918400696374413,-0.16342203229564456,-0.2326107880218258,0
1956,1.4550972801462576,0.11170954550326825,0.3690844735693995,0.6512734272398167,0
1957,0.34724613837798657,-0.09006526206708652,-0.04360020663922176,0.12673439738708733,1
1958,-0.7450014661822807,-0.09006526206708652,-0.006060078919642954,0.5955510815156423,4
1959,-0.08185113484211842,0.7170339682143325,0.2588935409206011,-0.007972028215622942,0
1960,-0.6591820115382597,0.17896781469338652,-0.12808950834609886,-0.30776956246965337,2
1961,-0.2378865069221566,-0.49361487720779607,-0.21963731006361015,-0.20380822868489543,1
1962,1.3926831313142423,-0.35909833882755954,-0.1826861053906861,0.04536180300462543,1
1963,-0.29249888715017,-0.42635660801767783,-0.23302930579055017,0.25379008802614567,1
1964,-0.6981908545582692,0.5152591606439778,-0.017098097769808508,0.08895986750710048,2
1965,-0.8464244580343055,-0.42635660801767783,-0.14477204012497893,-0.09983465519416691,1
1966,-0.47193956504221385,0.4480008914538595,0.07268808073727237,0.003112707138073427,2
1967,-0.7450014661822807,-0.42635660801767783,-0.14523403024313142,0.12235977251311182,1
1968,1.4082866685222462,-0.35909833882755954,-0.22341442234147565,-0.34299124200822856,1
1969,-0.8386226894303036,-0.35909833882755954,-0.19167661605631695,-0.18632191690747438,1
1970,0.6827221883500687,-0.09006526206708652,-0.1642510987205469,-0.2966319883712528,1
1971,-0.7762085405982884,-0.35909833882755954,-0.22953121724741044,-0.14597773660865,1
1972,0.10539131165392739,-0.42635660801767783,-0.2090607095616489,-0.11766952742335071,4
1973,-0.011635217406101241,-0.2918400696374413,-0.1646267515765199,-0.1754053064887024,1
1974,-0.1442652836741337,-0.35909833882755954,-0.2258278632928638,-0.2768839444434065,1
1975,-0.24568827552615852,0.9860670449748056,0.03243147399375483,-0.304236732079371,2
1976,-0.893235069658317,-0.49361487720779607,-0.2421467493846833,-0.11637460899223559,1
1977,-0.5265519452702272,-0.15732353125720477,0.0013420548298645912,-0.19635869394345778,1
1978,-0.3159041929621757,-0.022806992876968267,-0.13493530993599948,-0.3220322578275832,1
1979,1.938806933594376,-0.22458180044732304,-0.14057582047507658,-0.15551037028577128,4
1980,-0.8542262266383074,1.860424544446343,0.6593697891950739,-0.11768049566862251,0
1981,1.072810618550164,0.17896781469338652,4.173792656215241,31.168297826834355,3
1982,1.3926831313142423,-0.09006526206708652,-0.05179710061673916,-0.1831313027961172,0
1983,-0.8074156150142959,-0.42635660801767783,-0.19756184413322725,-0.19687515168419117,1
1984,0.5656956592900401,-0.2918400696374413,-0.16483944999725347,-0.1573322284323315,4
1985,-0.7996138464102941,-0.022806992876968267,0.0784269357074413,0.16311388084450326,2
1986,-0.7996138464102941,-0.15732353125720477,-0.192633758949618,0.3010129298223531,4
1987,-0.8620279952423093,-0.35909833882755954,-0.22712349399550436,0.012202990336819833,1
1988,-0.08185113484211842,-0.22458180044732304,-0.21582246096916288,-0.24003489529155195,0
1989,-0.24568827552615852,-0.42635660801767783,-0.2092413888652828,-0.2041204972236637,1
1990,0.5032815104580247,-0.22458180044732304,-0.16128418445929288,-0.35700865815465554,4
1991,-0.6981908545582692,-0.022806992876968267,-0.10951670511844137,-0.1314200241629829,4
1992,1.072810618550164,-0.2918400696374413,-0.15930071450895752,0.49387540822530107,4
1993,0.48767797325002094,-0.2918400696374413,-0.16827178499634926,-0.12460205222166464,1
1994,-0.7371996975782787,1.5241331984957516,0.7790595359934606,0.053722589944361944,0
1995,-0.7684067719942864,-0.22458180044732304,-0.18002623159162007,1.2118965429764452,1
1996,-0.8776315324503131,1.9276828136364612,0.6936651224585695,-0.16229158110413128,0
1997,-0.5889660941022425,-0.022806992876968267,-0.11996465738205572,-0.13122545750142334,2
1998,-0.7996138464102941,0.11170954550326825,-0.0032332482957000376,-0.30893702910579,0
1999,-0.33930949877418143,-0.15732353125720477,-0.22360367819433266,-0.2157602579074246,4
2000,-0.6981908545582692,0.582517429834096,0.6324291327753847,5.429920838107979,1
2001,2.048031694050403,-0.35909833882755954,-0.21496080365721262,-0.0989987025087285,1
2002,-0.8308209208263017,0.7170339682143325,0.4917548571077972,1.5870830809542225,1
2003,-0.8542262266383074,0.04445127631314999,-0.1473467202017619,-0.3277495575366806,0
2004,1.010396469718149,-0.35909833882755954,-0.15930700397838782,-0.1158429501296468,4
2005,-0.4485342592302081,-0.22458180044732304,-0.21873048292575142,-0.24306728447369977,1
2006,1.338070751086229,-0.42635660801767783,-0.19421870524605203,0.20361904854869428,1
2007,-0.46413779643821196,0.17896781469338652,0.2167992655635414,1.808307357551782,2
2008,-0.5343537138742291,0.9188087757846873,0.2679538075199134,-0.0545503979891603,0
2009,-0.46413779643821196,-0.2918400696374413,-0.18303717213888615,-0.21728719007609026,1
2010,-0.7450014661822807,-0.49361487720779607,-0.22469575879541095,-0.15127542988462245,1
2011,0.44866913023001137,-0.022806992876968267,0.0035004863843517667,-0.15823673254172202,2
2012,0.5656956592900401,-0.35909833882755954,-0.19772765741820775,-0.14302807197972872,1
2013,-0.8074156150142959,-0.15732353125720477,-0.07757077457213477,-0.16882737670474243,1
2014,-0.29249888715017,0.5152591606439778,0.510594676901268,-0.2681891793511533,2
2015,0.6905239569540705,-0.22458180044732304,-0.22547908362445662,-0.3073142859535983,1
2016,-0.2378865069221566,0.7842922374044509,0.668232223392306,3.9105789272493268,0
2017,-0.7293979289742769,-0.5608731463979143,-0.23090346512311088,-0.16671755270921873,1
2018,-0.893235069658317,-0.49361487720779607,-0.22590333692602735,-0.18138634925852015,1
2019,0.10539131165392739,-0.2918400696374413,-0.08277559641067696,-0.03728627555295075,1
2020,-0.8854333010543151,-0.09006526206708652,-0.15044056739151823,0.17795164728246646,0
2021,-0.20667943250614895,-0.2918400696374413,-0.12139922818211091,-0.08453019584761606,1
2022,1.5409167347902786,-0.42635660801767783,-0.2138241250001741,-0.16861186274111184,1
2023,-0.8464244580343055,0.4480008914538595,-0.06051716409686733,-0.17036175075205387,2
2024,-0.7840103092022902,-0.15732353125720477,-0.15527831292331057,-0.1599590975002038,4
2025,0.6905239569540705,-0.15732353125720477,-0.04636242725901713,-0.11690107031660703,4
2026,0.23802137792195985,-0.42635660801767783,-0.206936012434106,0.004478687873047009,4
2027,0.6749204197460668,-0.5608731463979143,-0.2473532865330701,-0.12235434618728136,1
2028,-0.893235069658317,0.8515505065945691,0.20443931459311776,-0.13704324386926237,0
2029,-0.9166403754703227,-0.022806992876968267,-0.14825926503910272,-0.05223869687256282,0
2030,-0.04284229182210888,-0.49361487720779607,-0.17895759355841834,-0.16150184684600025,1
2031,-0.8776315324503131,-0.5608731463979143,-0.21549598032873582,-0.14175524100657816,1
2032,1.8451857103463531,0.7170339682143325,-0.08874315936012932,-0.211066508258184,0
2033,-0.8620279952423093,0.7842922374044509,0.6704083798151877,-0.001436280549541043,2
2034,-0.5811643254982406,-0.2918400696374413,-0.1827655814134871,-0.11092216526450571,1
2035,-0.3159041929621757,-0.42635660801767783,-0.22580842311462473,-0.031594673766124494,1
2036,1.5409167347902786,0.17896781469338652,-0.10375097696070663,-0.19293854089251902,0
2037,-0.8308209208263017,-0.49361487720779607,-0.2285775049737986,-0.19320995231628435,1
2038,-0.8386226894303036,-0.42635660801767783,-0.23611457643108338,-0.2627701789462678,1
2039,-0.7918120778062921,-0.2918400696374413,-0.16882983246580074,-0.22344503359361728,1
2040,-0.6903890859542673,-0.15732353125720477,-0.20201421671992703,-0.3523007045176997,1
2041,-0.7450014661822807,0.3807426222637413,-0.14905345349716437,-0.1801346358636095,0
2042,-0.8464244580343055,-0.35909833882755954,-0.20900581964662088,-0.1372049499462565,1
2043,0.35504790698198846,0.11170954550326825,0.12472543549367826,-0.06560942974586323,0
2044,-0.9088386068663208,-0.22458180044732304,-0.20610008476982514,-0.23416793002087943,4
2045,0.12879661746593313,-0.22458180044732304,-0.16041909652765338,-0.11547274719284766,4
2046,2.992045695134634,-0.42635660801767783,-0.24213531398571914,-0.2750026937150535,0
2047,-0.8776315324503131,0.11170954550326825,0.06325787898146917,-0.27919126410951817,0
2048,1.6579432638503073,-0.42635660801767783,-0.22966558318523944,-0.10247451016617815,1
2049,0.08978777444592358,-0.49361487720779607,-0.18006511194809824,-0.16810721624364203,1
2050,-0.33930949877418143,-0.15732353125720477,-0.1501632589666371,-0.17189612479936528,4
2051,2.1494546859024277,-0.35909833882755954,-0.23832160843116826,-0.34002539529443243,4
2052,-0.7762085405982884,-0.022806992876968267,0.3542744883709023,-0.28370210494746784,0
2053,1.1118194615701738,-0.35909833882755954,-0.22588618382758108,-0.06434067882217571,1
2054,0.15220192327793886,-0.22458180044732304,-0.17527024916242157,-0.2983177782366556,4
2055,-0.721596160370275,-0.42635660801767783,-0.2437568535588385,0.403159324651537,1
2056,-0.011635217406101241,-0.15732353125720477,-0.12248902170339636,-0.17268636090826286,1
2057,1.3770795941062386,-0.42635660801767783,-0.19773509042753445,-0.14306021417602038,4
2058,-0.20667943250614895,0.11170954550326825,0.3913600589816554,-0.06269823319564274,2
2059,0.5032815104580247,-0.2918400696374413,-0.1946789800543599,-0.19011666813595887,4
2060,-0.635776705726254,-0.49361487720779607,-0.16847304801811863,-0.20844604931492827,1
2061,-0.6591820115382597,-0.42635660801767783,-0.22831677787741553,-0.15411844835456565,1
2062,-0.7293979289742769,-0.42635660801767783,-0.23993399968511633,-0.05676088960949377,1
2063,2.001221082426391,-0.5608731463979143,-0.24494041735163014,0.8531500727350761,1
2064,-0.4095254162101986,-0.2918400696374413,0.6896810294594524,0.9711994528407505,1
2065,-0.627974937122252,-0.5608731463979143,-0.2520509484275514,-0.30550140875950493,1
2066,-0.7528032347862826,1.9276828136364612,0.5360950448214199,0.5214648832992924,2
2067,-0.8542262266383074,0.11170954550326825,-0.054612495841717915,-0.3311344359035231,4
2068,1.5487185033942805,-0.42635660801767783,-0.16278508057334026,-0.19155210541507212,1
2069,1.0181982383221508,0.11170954550326825,-0.10075318712224933,-0.3288933644491655,0
2070,-0.5733625568942387,-0.35909833882755954,-0.13124396315036527,0.3136441704710549,1
2071,-0.9088386068663208,-0.022806992876968267,-0.09682970173764245,-0.15752734929572515,1
2072,1.4004848999182442,-0.42635660801767783,-0.22415372088450927,-0.3573635003573435,1
2073,-0.5031466394582215,-0.2918400696374413,-0.14914036252929203,-0.3605788188650173,4
2074,-0.47193956504221385,-0.022806992876968267,-0.18610014375143918,-0.03901716101816673,4
2075,1.525313197582275,-0.49361487720779607,-0.24275339729973253,0.06647393929057106,1
2076,-0.8074156150142959,-0.5608731463979143,-0.2537742630514518,-0.0819999311283771,1
2077,-0.18327412669414325,-0.35909833882755954,-0.23373201105689845,-0.1823083083248012,1
2078,2.055833462654405,-0.42635660801767783,-0.2150065452530693,-0.28508951121457227,4
2079,-0.9010368382623188,0.4480008914538595,0.025251186984152196,-0.17802909478604861,0
2080,-0.7684067719942864,1.1878418525451604,0.3260725074454651,-0.3579564056720998,3
2081,-0.44073249062620623,-0.49361487720779607,-0.13112389146124148,-0.05040558966007167,1
2082,1.5565202719982825,-0.42635660801767783,-0.22240296130309475,-0.17138230393191795,4
2083,2.016824619634395,-0.42635660801767783,-0.22825045256342336,-0.16202012212256756,1
2084,0.23802137792195985,0.31348435307362305,0.06115776796169924,-0.12435175841298818,2
2085,-0.7840103092022902,0.04445127631314999,-0.015600060505502188,-0.3499211512605339,0
2086,-0.5889660941022425,0.7842922374044509,0.6708675110835992,0.5530019354993428,0
2087,0.3628496755859904,-0.49361487720779607,-0.23315395163925964,-0.23515769692931754,1
2088,-0.635776705726254,0.8515505065945691,0.09438846558163044,0.021295172745249835,2
2089,-0.7450014661822807,0.7842922374044509,-0.058357589002483744,-0.31963957961382194,0
2090,-0.8464244580343055,-0.15732353125720477,-0.09242135543695475,-0.007745919346924483,1
2091,1.3770795941062386,-0.35909833882755954,-0.17846529963301078,-0.32169337783886015,4
2092,1.8919963219703646,-0.42635660801767783,-0.1810376926300009,-0.33770421966339537,4
2093,-0.893235069658317,0.24622608388350475,0.2538939844934658,-0.10898508789286818,0
2094,-0.635776705726254,0.11170954550326825,-0.05399555606760092,-0.18018469465821468,2
2095,0.9791893953021412,-0.22458180044732304,-0.18711789425925038,-0.3345567294509556,1
2096,3.3509270509187217,-0.35909833882755954,-0.19052106899098753,-0.30115216252905364,0
2097,-0.4953448708542196,0.17896781469338652,-0.11913273210741233,-0.2699188836370471,4
2098,-0.7450014661822807,-0.35909833882755954,-0.22187235879115727,-0.1860837198464466,1
2099,-0.6123713999142483,-0.22458180044732304,-0.16750561326574984,-0.33485999369450714,1
2100,-0.893235069658317,-0.35909833882755954,-0.23153870153557055,-0.30497251022082883,1
2101,-0.6591820115382597,-0.35909833882755954,-0.19635769662230013,-0.06127832919739735,1
2102,0.08978777444592358,-0.42635660801767783,-0.21980483865843525,-0.17387233864517027,1
2103,-0.07404936623811652,-0.22458180044732304,-0.19167775959621333,-0.2866482678887551,4
2104,-0.713794391766273,0.31348435307362305,0.434537266620622,-0.11343650562862513,0
2105,-0.6903890859542673,0.7170339682143325,0.07657497284519388,-0.15670628219774752,0
2106,-0.893235069658317,-0.35909833882755954,-0.20800350692741132,-0.21592193727556616,1
2107,-0.9010368382623188,0.04445127631314999,-0.13485240329350925,-0.3323501768445627,4
2108,-0.8698297638463113,-0.2918400696374413,-0.12944974905288692,-0.19601541187675003,4
2109,-0.3159041929621757,-0.09006526206708652,-0.17842470396668797,-0.326237972723153,2
2110,0.5656956592900401,-0.42635660801767783,-0.21261940571929874,-0.15077613945085144,1
2111,-0.7996138464102941,-0.2918400696374413,-0.21124487076380544,-0.27437280847559814,1
2112,-0.5031466394582215,-0.022806992876968267,0.06927575768636389,-0.07370069347864705,2
2113,-0.721596160370275,1.1205835833550422,0.22360332794722282,-0.13050416165182535,0
2114,1.9544104708023797,-0.35909833882755954,-0.04326343413972695,0.30599925695363445,1
2115,1.5409167347902786,-0.42635660801767783,-0.1303594350404867,0.0778614455453582,1
2116,-0.4797413336462158,-0.15732353125720477,-0.1632790898085924,-0.11665316217456109,1
2117,1.7125556440783207,-0.42635660801767783,-0.16870118422745384,-0.205067502426452,4
2118,1.8373839417423512,-0.49361487720779607,-0.2418391371525471,0.2357034269251528,1
2119,-0.2378865069221566,-0.35909833882755954,-0.12081945345462748,-0.15058674212112924,4
2120,0.14440015467393694,-0.2918400696374413,-0.18364953775341747,-0.18492260133866378,4
2121,1.6657450324543093,-0.49361487720779607,-0.24567800058481915,-0.052508229792440596,4
2122,-0.3081024243581738,0.17896781469338652,0.09831023565639271,1.7050087309269915,1
2123,-0.3861201103981929,-0.22458180044732304,-0.2261411932244821,-0.3212301032512681,1
2124,-0.7293979289742769,0.9860670449748056,0.2802714475141696,-0.31559573624598036,2
2125,1.1430265359861813,-0.35909833882755954,-0.2390540457348234,-0.24078897408031727,1
2126,-0.8620279952423093,-0.49361487720779607,-0.24015927704471046,-0.37695741702839874,1
2127,-0.8620279952423093,-0.49361487720779607,-0.20866390121759215,-0.212075172383334,1
2128,0.18340899769394647,-0.35909833882755954,-0.19535652744298698,-0.009696092268658352,4
2129,-0.9010368382623188,-0.15732353125720477,-0.22608630330945406,-0.05119588219267852,4
2130,-0.893235069658317,-0.2918400696374413,-0.1856244311545297,-0.13984839209995562,4
2131,-0.7840103092022902,-0.022806992876968267,0.10612575907845499,-0.10565996464031603,2
2132,1.431691974334252,-0.2918400696374413,-0.1793841339397819,-0.2425014894778821,1
2133,-0.37051657319018905,0.24622608388350475,0.3186560794472524,-0.16191084021001148,2
2134,1.938806933594376,-0.15732353125720477,-0.15113812672833266,-0.157657524208699,4
2135,-0.9166403754703227,0.6497756990242143,0.09225576367481264,-0.2535821820391861,1
2136,-0.6747855487462635,0.4480008914538595,0.09480700118371906,-0.1427346609863164,2
2137,-0.36271480458618716,-0.42635660801767783,-0.16368218762207942,-0.12522810217599198,1
2138,-0.40172364760619667,-0.2918400696374413,-0.18735746586754976,-0.18159181062123034,4
2139,-0.19887766390214706,1.59139146768587,0.6910018180398141,0.3713899069535498,3
2140,-0.5577590196862349,-0.49361487720779607,-0.23829301993375782,-0.21459207679730005,1
2141,-0.893235069658317,-0.49361487720779607,-0.2326753801926091,-0.12056970668652074,1
2142,-0.9010368382623188,-0.42635660801767783,-0.06487748172190555,0.8004718658706694,4
2143,0.07418423723791975,-0.42635660801767783,-0.2413411255276575,-0.20256598373028423,1
2144,1.4863043545622652,-0.22458180044732304,-0.13113532686020565,0.8394149705166492,1
2145,-0.8464244580343055,-0.22458180044732304,0.5355901719571519,1.306445285845064,0
2146,0.2926337581499732,-0.2918400696374413,-0.1795785357221728,0.16230228577913047,4
2147,1.4941061231662671,-0.22458180044732304,-0.19032781074849303,-0.10550014725906152,0
2148,0.03517539421791021,-0.49361487720779607,-0.23202470599154779,-0.30847787823838874,1
2149,-0.37051657319018905,-0.35909833882755954,-0.1534629433377485,0.23378973000747877,1
2150,0.34724613837798657,-0.49361487720779607,-0.23490528299062233,-0.1924553524464212,1
2151,-0.1442652836741337,-0.09006526206708652,0.018247576888546006,-0.15833331343621523,1
2152,-0.3549130359821852,-0.15732353125720477,0.04130362828010649,0.184222085826085,1
2153,0.4564708988340133,0.11170954550326825,-0.03503051865547241,-0.14195046776190054,0
2154,-0.4953448708542196,-0.022806992876968267,-0.06715312611577545,-0.06803919252344685,4
2155,2.0636352312584068,-0.2918400696374413,-0.20119715746393704,-0.1711039661426347,4
2156,-0.7762085405982884,0.11170954550326825,0.1720222456094873,-0.09074854858742638,4
2157,1.0572070813421603,-0.49361487720779607,-0.2449507092106979,-0.17748450640441116,1
2158,0.09758954304992548,-0.2918400696374413,-0.13473862107381576,-0.26853973487904303,4
2159,0.14440015467393694,-0.35909833882755954,-0.05902770338178415,-0.03955382158193151,4
2160,-0.1520670522781356,-0.022806992876968267,-0.08360866522521676,0.0776572637354271,2
2161,-0.9010368382623188,0.4480008914538595,0.6909280597164953,5.985783006123622,2
2162,-0.4485342592302081,-0.22458180044732304,-0.15313074499783932,0.626360274048641,4
2163,0.6125062709140515,-0.35909833882755954,-0.19598318730622352,-0.14970388462099823,4
2164,-0.9088386068663208,-0.35909833882755954,-0.22563975097990321,-0.22243480599181895,1
2165,-0.8854333010543151,3.7436560817696543,0.4563857398815661,-0.1582726460566124,3
2166,0.4720744360420171,-0.42635660801767783,-0.19647605300157928,-0.01664742863747544,1
2167,-0.27689534994216614,-0.35909833882755954,-0.11190841881179762,-0.1968308568906069,1
2168,1.431691974334252,-0.22458180044732304,-0.16091939523233584,-0.3192934039666715,0
2169,1.416088437126248,-0.49361487720779607,-0.23516486654710905,-0.20230143648074778,1
2170,0.08198600584192167,-0.35909833882755954,-0.22288439159948634,-0.3087839982689689,1
2171,0.14440015467393694,-0.42635660801767783,-0.20567011376877234,-0.15406360785314008,1
2172,-0.9088386068663208,-0.2918400696374413,-0.21295160405920788,-0.18863755763802012,1
2173,0.40966028721000186,-0.2918400696374413,-0.2228872504492274,-0.373562468002029,4
2174,-0.8620279952423093,0.04445127631314999,0.02279657859649299,-0.0928803141423494,2
2175,-0.5343537138742291,-0.49361487720779607,-0.22405937884305485,-0.16194993568897778,1
2176,-0.3471112673781833,-0.15732353125720477,-0.029544957772359857,-0.09715093080904301,4
2177,3.4211429683547387,-0.35909833882755954,-0.18554095274209126,-0.1693355575246156,0
2178,-0.5031466394582215,1.2551001217352786,0.19055445317082195,-0.3055393363396836,3
2179,-0.7293979289742769,0.11170954550326825,-0.09926315463721792,-0.13396776138463903,2
2180,-0.8620279952423093,1.9949410828265794,1.3253148220331268,-0.1283094517919531,0
2181,0.21461607210995412,-0.35909833882755954,-0.20931514718860167,-0.3588790974594473,1
2182,-0.04284229182210888,-0.22458180044732304,-0.16856395943988378,-0.18039450730284776,4
2183,0.7451363371820839,-0.42635660801767783,-0.19767105219333508,-0.18749718802695195,4
2184,0.03517539421791021,-0.35909833882755954,-0.24355330345727624,-0.34940542221907483,4
2185,2.3835077440224848,-0.42635660801767783,-0.2445710539650874,-0.33724576013669794,4
2186,-0.8542262266383074,-0.15732353125720477,-0.09737173964854413,-0.16003614306253075,1
2187,-0.9166403754703227,0.9860670449748056,0.11243009452740219,-0.21481006083104612,2
2188,0.9479823208861335,-0.22458180044732304,-0.04462081599677397,-0.033278642001793715,4
2189,-0.635776705726254,-0.42635660801767783,-0.22422519212803535,-0.1767206447707101,1
2190,-0.4797413336462158,-0.42635660801767783,-0.10073088809426921,0.05714092292444071,1
2191,-0.9010368382623188,-0.5608731463979143,-0.221827760735197,-0.17406076022939684,1
2192,-0.8074156150142959,3.6763978125795362,1.4963923929267544,-0.09760722217907157,3
2193,-0.9010368382623188,-0.022806992876968267,-0.11553115320364683,-0.015786781996910065,1
2194,0.5110832790620267,-0.2918400696374413,-0.17930294260713628,-0.13767397605594792,4
2195,-0.3315077301701795,-0.022806992876968267,0.04323964132474053,-0.14458020554907186,4
2196,0.8855681720541183,0.04445127631314999,0.04639352435905879,-0.3361998002602053,0
2197,0.10539131165392739,-0.42635660801767783,-0.24287918668833838,-0.16195575328106676,1
2198,-0.4095254162101986,-0.42635660801767783,-0.21633247976296488,-0.26811117313027044,4
2199,-0.6591820115382597,-0.09006526206708652,-0.1690545380554467,-0.3165483395267263,4
2200,-0.9088386068663208,-0.42635660801767783,-0.23893054342601036,-0.3579556286512728,1
2201,0.34724613837798657,-0.09006526206708652,-0.052663332088275075,-0.15946510921860987,2
2202,0.7607398743900877,-0.35909833882755954,-0.22651913316024794,-0.33929936929015364,4
2203,1.525313197582275,-0.2918400696374413,-0.19078008077752598,-0.18952879723247484,0
2204,-0.7840103092022902,0.04445127631314999,0.017198379033583344,-0.20682237070322607,4
2205,-0.7918120778062921,-0.09006526206708652,0.021028665916632282,-0.19148761698389702,4
2206,-0.8854333010543151,1.7259080060661065,0.7882067116249007,0.4095104428222905,2
2207,-0.8620279952423093,2.4657489671574075,0.6708520732949975,0.09291206515510503,3
2208,-0.627974937122252,0.4480008914538595,0.07051078077449431,-0.17430905194198792,2
2209,1.3848813627102405,-0.2918400696374413,-0.2058290658143743,-0.1385487684708752,1
2210,0.23802137792195985,-0.22458180044732304,-0.18663188980327314,-0.3358186063615507,1
2211,-0.9088386068663208,-0.35909833882755954,-0.15950254930067514,-0.020061998631618068,1
2212,-0.9166403754703227,0.11170954550326825,-0.08518846559211692,-0.14100209271977332,2
2213,-0.713794391766273,-0.2918400696374413,-0.007337984753889025,-0.13503024228784477,1
2214,-0.8464244580343055,-0.022806992876968267,0.40702598379262067,0.6081833468942338,2
2215,-0.7762085405982884,-0.15732353125720477,-0.09479248541217548,-0.07761579373011264,4
2216,-0.6045696313102463,-0.15732353125720477,-0.13844826449779266,0.6053090145598345,2
2217,1.6111326522262959,-0.35909833882755954,-0.20117028427637126,-0.33851380607846604,1
2218,-0.6123713999142483,-0.15732353125720477,-0.08483453999417584,-0.12351667500530265,0
2219,0.12879661746593313,-0.49361487720779607,-0.2070692348320386,-0.1988706051626891,1
2220,-0.1364635150701318,-0.35909833882755954,-0.17565562210751412,0.5204464236904857,1
2221,-0.16767058948613942,-0.42635660801767783,-0.22920530837693157,-0.36187820043344787,1
2222,-0.18327412669414325,-0.35909833882755954,-0.19896725466592383,-0.2434348082755034,1
2223,-0.6435784743302558,-0.2918400696374413,-0.20589824997810752,-0.30733300929628815,0
2224,-0.7762085405982884,0.04445127631314999,0.029293600517986445,-0.18863858228488484,4
2225,1.345872519690231,-0.022806992876968267,-0.11759638625657601,-0.13575875139260038,0
2226,0.9713876266981393,-0.2918400696374413,-0.12896889052644356,0.24920768224149495,1
2227,-0.8620279952423093,-0.2918400696374413,-0.09553521457489836,-0.08192724031522518,4
2228,-0.721596160370275,0.4480008914538595,-0.15988163277633738,-0.37908647152133895,2
2229,-0.7684067719942864,0.9860670449748056,0.48491077082774114,-0.04055855527630452,2
2230,-0.8776315324503131,0.7170339682143325,0.22351813422493977,0.0880695335765004,0
2231,-0.9088386068663208,3.2055899282487084,2.9552771382595586,0.19090990824455892,3
2232,2.188463528922437,-0.35909833882755954,-0.2312065031956614,-0.1510344091990393,0
2233,-0.627974937122252,-0.35909833882755954,-0.2436144828417346,-0.3213603944358904,1
2234,-0.8386226894303036,0.17896781469338652,0.20765837940153176,-0.19912147912554007,0
2235,-0.7918120778062921,-0.22458180044732304,-0.06252064599538999,1.1841771128944993,4
2236,-0.6825873173502655,1.053325314164924,0.26470272359439967,-0.09548573812447951,0
2237,-0.635776705726254,-0.22458180044732304,-0.16059920406133904,-0.1600920907172487,4
2238,0.9635858580941373,-0.15732353125720477,-0.10809128263755753,-0.08230304339943548,4
2239,-0.1442652836741337,-0.35909833882755954,-0.1447097172006242,-0.17719497519948388,1
2240,2.196265297526439,-0.2918400696374413,-0.13396101394425217,-0.1696963434539647,0
2241,-0.9166403754703227,-0.42635660801767783,-0.2333672218299414,-0.1872906045234571,1
2242,1.8919963219703646,-0.15732353125720477,-0.15076361741225605,-0.12588682144564828,4
2243,-0.8776315324503131,-0.42635660801767783,-0.2394045407130752,-0.20931546733692352,1
2244,1.431691974334252,-0.49361487720779607,-0.20595942936256584,-0.10712213375125917,1
2245,0.027373625613908305,-0.09006526206708652,-0.12269485888475141,-0.09696401906757712,1
2246,0.394056750001998,-0.2918400696374413,0.08177064636456473,-0.11792524708593488,4
2247,-0.6045696313102463,-0.022806992876968267,-0.06990677018634772,-0.16133676148279802,2
2248,-0.12085997786212797,-0.22458180044732304,0.061196076548229214,-0.09173627738790056,4
2249,-0.8308209208263017,-0.42635660801767783,-0.1931900911092249,-0.15163795344842176,1
2250,-0.635776705726254,0.9860670449748056,0.2098425406036883,-0.14830672853667018,2
2251,0.8855681720541183,-0.42635660801767783,-0.23664289186322804,-0.09212279992287176,4
2252,-0.8620279952423093,0.5152591606439778,0.07942867665670261,-0.19375135557696455,0
2253,-0.3549130359821852,-0.022806992876968267,-0.07877320677321728,-0.1857379424810395,2
2254,-0.8230191522222998,1.2551001217352786,0.400563839837968,0.07754197208422252,0
2255,-0.19107589529814514,0.04445127631314999,-0.09774053126513862,-0.17603771796890616,4
2256,-0.7450014661822807,0.3807426222637413,-0.13671122739513517,-0.08889878594180506,1
2257,-0.0662475976341146,0.24622608388350475,0.3606800271006824,0.03943252455036523,2
2258,-0.20667943250614895,-0.2918400696374413,-0.1400000481372306,-0.30275846920357546,4
2259,-0.8776315324503131,1.3223583909253969,0.5568085547351701,-0.14977657433312458,0
2260,-0.17547235809014133,-0.49361487720779607,-0.23848627817625231,-0.32096020023482824,1
2261,-0.37051657319018905,0.11170954550326825,-0.02159106602283108,-0.15553205157754377,0
2262,1.946608702198378,-0.35909833882755954,-0.08069606910904255,0.12286765161734811,1
2263,0.5032815104580247,-0.42635660801767783,-0.21523067907276705,-0.035845442409824665,1
2264,0.12879661746593313,-0.49361487720779607,-0.22109132104190443,-0.18147068148335382,1
2265,-0.08185113484211842,-0.35909833882755954,-0.21336556550171087,-0.36619586314056896,1
2266,-0.26129181273416235,-0.22458180044732304,-0.2145902967307735,-0.18274882124577305,1
2267,-0.7684067719942864,0.6497756990242143,0.15870743882555544,-0.17505726498337462,0
2268,-0.8386226894303036,0.3807426222637413,0.3145198956419119,-0.2595084602818851,0
2269,1.416088437126248,-0.35909833882755954,-0.1982799871881772,-0.32979796541636164,1
2270,-0.7918120778062921,-0.49361487720779607,-0.2059628599822551,-0.13922375459300051,1
2271,-0.5265519452702272,-0.15732353125720477,-0.03287666126057092,-0.18041754757338452,4
2272,0.6671186511420648,-0.2918400696374413,-0.21857782034957976,-0.15388129346721274,4
2273,-0.5031466394582215,-0.49361487720779607,-0.23031740092619715,-0.18557135936756633,1
2274,1.6345379580383015,-0.35909833882755954,-0.2014498797810452,-0.28937340027421127,4
2275,-0.5499572510822329,0.6497756990242143,0.19651515488089583,0.26824414982156736,0
2276,-0.8542262266383074,1.1205835833550422,0.9335186133424076,0.03320671629581843,0
2277,-0.8074156150142959,0.8515505065945691,0.3948301307973329,-0.09446401052828544,0
2278,-0.7996138464102941,-0.22458180044732304,-0.11912644263798203,-0.13189426447532324,1
2279,0.5032815104580247,-0.35909833882755954,-0.22798743838724742,0.14987881787308785,4
2280,-0.04284229182210888,-0.22458180044732304,-0.17615363373240375,-0.3167559772694794,4
2281,-0.9010368382623188,-0.15732353125720477,0.0722363824781876,-0.047041324279720687,4
2282,-0.6435784743302558,0.04445127631314999,0.9168286485542007,1.0622600021617579,3
2283,-0.8386226894303036,-0.42635660801767783,-0.20870964281344884,0.034097681877175955,1
2284,-0.6981908545582692,-0.35909833882755954,-0.16692984092790383,-0.17109139963480247,4
2285,-0.5577590196862349,-0.2918400696374413,0.09836169495173146,-0.010767764193822214,0
2286,-0.9166403754703227,0.9860670449748056,0.27564868748290366,0.3144734211748757,2
2287,-0.7684067719942864,1.2551001217352786,0.5398584346205284,-0.17669341423913854,0
2288,-0.2846971185461681,-0.35909833882755954,-0.20360030655625747,-0.366312867864788,4
2289,0.44866913023001137,-0.35909833882755954,-0.20260428330647826,-0.13950644108859145,1
2290,-0.8464244580343055,0.7842922374044509,0.0924272946592752,0.014522475534761811,2
2291,-0.8230191522222998,-0.5608731463979143,-0.24320966971840297,-0.1134201642418146,1
2292,-0.721596160370275,0.24622608388350475,-0.09099879180581193,-0.3180084993581945,0
2293,-0.7450014661822807,-0.22458180044732304,-0.10020371620202097,-0.08586034719407427,4
2294,-0.6201731685182501,0.582517429834096,0.2788197236156681,-0.25444571855697345,0
2295,-0.6591820115382597,-0.09006526206708652,-0.1739425993426814,-0.27789273610505155,4
2296,-0.44073249062620623,-0.022806992876968267,-0.06529258670430492,-0.332713404113685,2
2297,0.15220192327793886,-0.35909833882755954,-0.17060289107519538,-0.19706879605446537,1
2298,-0.8776315324503131,0.3807426222637413,0.16143249439871724,-0.2502745855055105,2
2299,-0.9088386068663208,-0.49361487720779607,-0.19735314810213117,-0.2894882250189823,1
2300,-0.8620279952423093,1.3223583909253969,0.8457359167338495,-0.007337188024509919,0
2301,-0.7996138464102941,-0.15732353125720477,0.0528545247738151,-0.055329243610903744,4
2302,0.986991163906143,-0.35909833882755954,-0.06474597463381758,-0.10302379037082263,1
2303,-0.6981908545582692,-0.42635660801767783,-0.236895042410388,-0.18500765941890934,1
2304,1.6657450324543093,-0.5608731463979143,-0.24931502922537355,-0.33886772678867905,1
2305,-0.9010368382623188,0.5152591606439778,0.027989393266122833,-0.1980601344874101,0
2306,-0.08185113484211842,-0.42635660801767783,-0.2397927725079088,-0.09941976528014952,4
2307,0.308237295357977,-0.15732353125720477,-0.1314275013037402,-0.23631491222193582,4
2308,-0.8620279952423093,-0.022806992876968267,-0.07008802125992983,-0.14044845468760148,1
2309,-0.721596160370275,-0.42635660801767783,-0.15192945633665322,-0.12259601954009824,1
2310,-0.3939218790021948,-0.22458180044732304,-0.21533931536292666,-0.2080940004331561,4
2311,0.9401805522821316,0.5152591606439778,-0.08844298013731984,-0.17267829931776935,2
2312,1.509709660374271,-0.42635660801767783,-0.18692635132660052,-0.1317439633243372,4
2313,-0.47193956504221385,-0.2918400696374413,-0.15733954358660227,0.09544194652722052,1
2314,0.6749204197460668,-0.42635660801767783,-0.20507490125268726,-0.1870196754177459,1
2315,0.12099484886193121,-0.22458180044732304,-0.2138109742913653,-0.2678186880732593,4
2316,-0.635776705726254,-0.42635660801767783,-0.18549635468613102,0.15360916700040128,1
2317,-0.5967678627062444,0.17896781469338652,-0.10312203001767727,-0.34369463705360626,0
2318,-0.8776315324503131,-0.022806992876968267,-0.04204785122983561,-0.2817891967909631,4
2319,-0.8386226894303036,1.3223583909253969,-0.025470525121425933,-0.24512782861526378,2
2320,-0.3471112673781833,-0.22458180044732304,-0.013180901854631902,-0.11846186234590013,1
2321,2.6487678765585496,-0.2918400696374413,-0.21272289607992448,-0.29295705128985305,4
2322,-0.02723875461410506,0.04445127631314999,0.18495682537786054,0.6224446089935128,2
2323,1.1040176929661718,-0.22458180044732304,-0.1770907646775175,-0.3118908089130335,0
2324,0.44866913023001137,-0.42635660801767783,-0.2074203015802386,0.0006956391025580979,1
2325,2.048031694050403,-0.35909833882755954,-0.13252472783435235,-0.012180787205948921,1
2326,-0.33930949877418143,-0.09006526206708652,-0.06970036123504443,-0.28225615864045045,1
2327,-0.2378865069221566,-0.2918400696374413,-0.15166930101021836,-0.10464688631608916,4
2328,0.7217310313700782,-0.35909833882755954,-0.2329641240164544,-0.3033815333163065,4
2329,1.4863043545622652,-0.42635660801767783,-0.2043253108505859,-0.23326328265647087,1
2330,-0.9010368382623188,1.4568749293056333,0.13978528415954253,-0.2410395006239494,2
2331,-0.7450014661822807,-0.15732353125720477,-0.14169877665335812,-0.29255435821691916,1
2332,-0.7918120778062921,-0.022806992876968267,-0.1292930840870778,-0.363069715656121,2
2333,0.03517539421791021,-0.2918400696374413,-0.21802034465007644,-0.16932780597623756,4
2334,1.8997980905743665,-0.35909833882755954,-0.15918178635973013,-0.12941076314828429,1
2335,-0.8386226894303036,-0.42635660801767783,-0.1875221356126338,-0.06789343383098909,1
2336,-0.7918120778062921,-0.022806992876968267,-0.04426574685893647,-0.058670112521823116,4
2337,-0.5733625568942387,-0.15732353125720477,-0.0948062078909325,-0.2930614789571021,4
2338,2.8672173974706032,-0.2918400696374413,-0.2230290493963831,-0.17537210044326595,1
2339,-0.721596160370275,0.11170954550326825,0.039948533502852296,-0.14652270330433392,0
2340,-0.12085997786212797,-0.42635660801767783,-0.1778752330464596,-0.16456631046712064,1
2341,-0.7684067719942864,-0.2918400696374413,-0.20776279177921553,-0.30472028563209036,1
2342,-0.3081024243581738,-0.35909833882755954,-0.19348398086260407,-0.19231736792830495,1
2343,1.3302689824822271,-0.35909833882755954,-0.17986785131596628,-0.14342751431655015,4
2344,-0.627974937122252,0.5152591606439778,-0.07800360442292863,-0.33337565287352156,0
2345,3.077865149778655,-0.42635660801767783,-0.1908492649412592,-0.133407335718413,0
2346,-0.30030065575417186,0.31348435307362305,-0.10486078243017938,-0.2881071154272275,0
2347,-0.6981908545582692,-0.15732353125720477,-0.14042773205849057,-0.17452466579726156,4
2348,-0.7293979289742769,-0.022806992876968267,-0.15225650874702848,0.05360057759631306,4
2349,-0.5889660941022425,0.17896781469338652,-0.11360428847818412,-0.16258583563787116,2
2350,-0.29249888715017,-0.15732353125720477,-0.09362207232819264,-0.19166303979478072,4
2351,-0.9088386068663208,0.3807426222637413,0.014027342900818923,0.07395647775549871,2
2352,-0.7371996975782787,0.04445127631314999,-0.0711475109739602,-0.17232627912545356,2
2353,-0.893235069658317,0.04445127631314999,-0.14846052806087212,-0.22776446733145472,1
2354,0.3784532127939942,-0.09006526206708652,-0.15667571867673216,-0.33468792823382393,1
2355,-0.721596160370275,-0.49361487720779607,-0.2164674174707421,-0.12594746830503478,1
2356,-0.4095254162101986,-0.35909833882755954,-0.22303591063576161,0.49578818941088715,1
2357,-0.8620279952423093,-0.42635660801767783,-0.1803915925885253,-0.18913314883758264,1
2358,-0.9088386068663208,-0.15732353125720477,-0.11957642558722213,-0.19037665024575998,1
2359,-0.7450014661822807,-0.35909833882755954,-0.21989689362009682,-0.34933597309751474,1
2360,-0.23008473831815468,0.17896781469338652,0.3593003462156553,-0.24237365425451599,2
2361,-0.0662475976341146,-0.42635660801767783,-0.20692572057503827,-0.19461612940234257,1
2362,-0.893235069658317,-0.35909833882755954,-0.21810954076199698,-0.331374166036301,1
2363,1.4394937429382537,9.796900308880296,2.975569825491428,-0.13484638503514662,3
2364,-0.721596160370275,-0.2918400696374413,-0.04773295982487298,-0.06438176902915664,1
2365,-0.2378865069221566,-0.09006526206708652,-0.12152501757071678,-0.01404967985000416,3
2366,-0.9166403754703227,-0.022806992876968267,0.10147441054977868,0.5177618783794968,4
2367,-0.3861201103981929,-0.15732353125720477,-0.22142123230202074,-0.2666908453778566,4
2368,-0.9166403754703227,-0.42635660801767783,-0.1552554421253822,-0.10762813451227855,1
2369,-0.8386226894303036,-0.09006526206708652,0.17774852164079571,-0.146366046888913,1
2370,-0.9088386068663208,-0.2918400696374413,-0.16242486550596888,0.017352991186951272,1
2371,-0.5343537138742291,-0.35909833882755954,-0.2280331799831041,-0.15182926465149452,1
2372,1.4941061231662671,-0.35909833882755954,-0.19046560730601128,0.07047869211673874,0
2373,-0.0662475976341146,-0.09006526206708652,0.12343666603041625,-0.301008453273039,4
2374,-0.5187501766662254,0.4480008914538595,0.26969198816246726,0.12447862905333938,0
2375,1.8295821731383493,-0.42635660801767783,-0.209083008589629,-0.34870598605019776,4
2376,-0.4953448708542196,-0.35909833882755954,-0.22793026139242656,0.46531189293384445,1
2377,-0.5577590196862349,-0.15732353125720477,-0.17630915515831644,-0.24349745103721568,4
2378,1.6267361894342995,-0.09006526206708652,-0.09835175333977353,-0.13835359371881728,4
2379,0.42526382441800564,-0.42635660801767783,-0.19737716243995593,-0.1930638683632833,1
2380,-0.8152173836182979,0.11170954550326825,-0.14812032494168803,-0.3142033620989925,2
2381,-0.721596160370275,-0.22458180044732304,-0.11436074011966399,-0.19645398818224047,4
2382,-0.6903890859542673,0.6497756990242143,0.07198651901082048,-0.3215760828450272,0
2383,1.9544104708023797,-0.35909833882755954,-0.20906299664144173,-0.2926526136339455,4
2384,1.579925577810288,0.17896781469338652,-0.08692321561498156,0.32293830195000467,4
2385,-0.7762085405982884,0.31348435307362305,-0.030244804188967075,1.3847108558781653,0
2386,-0.9010368382623188,4.6852718504313104,4.536763082967027,0.02878622763582748,3
2387,-0.7996138464102941,-0.2918400696374413,-0.06563278982348901,-0.08717578625003031,1
2388,1.9075998591783683,-0.22458180044732304,-0.14414309318194957,0.41468397457983036,1
2389,-0.6123713999142483,-0.42635660801767783,-0.1990924722845815,-0.1440898433562507,1
2390,-0.37831834179419094,-0.49361487720779607,-0.23702254710883852,-0.1950461275818371,1
2391,0.17560722908994458,-0.35909833882755954,-0.17824402466305408,-0.04557760305700008,1
2392,-0.7371996975782787,-0.022806992876968267,-0.1834025331357914,-0.29894062127802923,2
2393,1.6189344208302978,-0.22458180044732304,-0.192647481428375,0.30086845118751687,1
2394,1.7281591812863244,-0.49361487720779607,-0.229554659815287,-0.20594738273938748,1
2395,-0.0662475976341146,-0.2918400696374413,-0.2098743381979496,-0.10772209458229082,4
2396,-0.6903890859542673,0.17896781469338652,0.31060956096611386,-0.06491447909870787,2
2397,1.595529115018292,-0.15732353125720477,-0.20674904366104183,0.8901877727696443,4
2398,0.40966028721000186,-0.42635660801767783,-0.21544166218365599,-0.13440832105507694,1
2399,-0.6435784743302558,-0.35909833882755954,-0.23495045281653085,0.029439535891519996,1
2400,1.5487185033942805,-0.42635660801767783,-0.2393702345161827,-0.37518030756371373,1
2401,0.42526382441800564,-0.2918400696374413,0.07675393683898316,-0.18817120976017973,2
2402,0.3628496755859904,-0.2918400696374413,-0.22594621967214298,-0.06494643559844196,4
2403,-0.11305820925812606,-0.2918400696374413,-0.19791576973116837,-0.3546046848757501,0
2404,-0.713794391766273,1.9276828136364612,0.4491425581776605,-0.03902077775915667,0
2405,-0.893235069658317,-0.15732353125720477,-0.06532289051155998,-0.29862742113397706,4
2406,-0.1520670522781356,-0.15732353125720477,-0.15397753629113617,-0.14321324746686664,1
2407,-0.7371996975782787,-0.022806992876968267,-0.08557784092684692,-0.14161041768145052,4
2408,0.5110832790620267,-0.42635660801767783,-0.2139247565110588,-0.21661335777639593,4
2409,-0.26129181273416235,-0.49361487720779607,-0.24577177085632532,-0.2513349110995058,1
2410,-0.6591820115382597,0.04445127631314999,-0.05559594015263659,-0.06544046661114476,4
2411,1.4394937429382537,-0.22458180044732304,-0.14058096640461046,-0.19317486202189474,0
2412,-0.8854333010543151,1.9276828136364612,0.6220497929055555,-0.20659154585546627,0
2413,2.438120124250498,-0.35909833882755954,-0.22301189629793686,-0.035339352019407126,4
2414,0.8699646348461145,-0.5608731463979143,-0.2526278643052937,-0.3306416417383359,1
2415,1.6111326522262959,-0.15732353125720477,-0.11722587933013688,-0.10776917666396567,4
2416,-0.4875431022502177,-0.09006526206708652,0.006767008098467067,-0.28049989597993313,4
2417,-0.5265519452702272,-0.15732353125720477,-0.19105281504282143,-0.18425262330933254,4
2418,0.6359115767260572,-0.2918400696374413,-0.17435313016549508,-0.12079176627844328,4
2419,-0.1442652836741337,-0.42635660801767783,-0.18715105691624645,-0.09151330196478381,1
2420,0.2926337581499732,-0.49361487720779607,-0.2272612905530226,-0.13630438490771055,1
2421,-0.627974937122252,-0.15732353125720477,-0.18960566530390566,-0.3446208871908618,0
2422,-0.7996138464102941,1.3223583909253969,1.3980651149333347,1.301414820802626,3
2423,0.23802137792195985,-0.49361487720779607,-0.23785046999384443,0.2750850348123759,1
2424,-0.5343537138742291,-0.2918400696374413,-0.2150071170230175,-0.3512388597184901,1
2425,0.6827221883500687,3.071073389868472,2.880860135960323,0.30938520871354797,3
2426,2.032428156842399,-0.49361487720779607,-0.23949831098458138,-0.2598983713963683,4
2427,-0.8854333010543151,-0.2918400696374413,-0.16534660994131442,0.2442720419611875,4
2428,-0.7918120778062921,-0.42635660801767783,-0.16300692731324518,-0.17628610447041246,1
2429,-0.6591820115382597,0.04445127631314999,-0.08102312151941783,-0.06433528191080494,4
2430,1.6579432638503073,-0.35909833882755954,-0.22914184191268042,-0.2995164379584086,4
2431,-0.9088386068663208,7.77915223317675,30.004489228545683,7.989624798898427,3
2432,1.5409167347902786,-0.49361487720779607,-0.23733358996066392,-0.2896448926679718,4
2433,1.4472955115422557,-0.49361487720779607,-0.23886993581150023,0.1709640986404309,1
2434,0.011770088405904485,-0.15732353125720477,-0.20366949071999071,-0.22347971457818075,0
2435,-0.6825873173502655,-0.22458180044732304,-0.2155966118396205,0.1591149495491946,1
2436,-0.6903890859542673,0.24622608388350475,0.6684660773011234,0.2729221999582609,2
2437,-0.45633602783421007,-0.35909833882755954,-0.04580437978956563,8.256074789924785,1
2438,-0.8386226894303036,-0.49361487720779607,-0.23349758537813298,-0.3500244280973245,1
2439,1.595529115018292,-0.42635660801767783,-0.19183671164181532,-0.29610058411324935,4
2440,0.7997487174100973,-0.42635660801767783,-0.19065772200860934,-0.16948174452168802,4
2441,-0.635776705726254,-0.35909833882755954,-0.20161740837587033,-0.18455315759732147,4
2442,1.6189344208302978,-0.35909833882755954,-0.2322928660972576,-0.16986186093000702,1
2443,-0.5109484080622234,0.24622608388350475,-0.08242167081273588,-0.3333889932788927,0
2444,-0.33930949877418143,-0.2918400696374413,-0.17766253462572604,-0.33601057777946297,4
2445,-0.2534900441301604,-0.15732353125720477,-0.1691883322233275,-0.3130632413832264,4
2446,-0.7371996975782787,-0.35909833882755954,-0.17742810894696054,-0.041918703925859294,1
2447,1.6579432638503073,-0.2918400696374413,-0.1708384602938573,-0.20995013063062115,4
2448,-0.7762085405982884,-0.15732353125720477,-0.13511198684999592,-0.09512435764333181,1
2449,-0.7371996975782787,-0.5608731463979143,-0.2457506153682416,-0.22520265486262211,1
2450,0.1912107662979484,0.04445127631314999,-0.1644769478500893,-0.19119191688449438,0
2451,-0.3939218790021948,0.04445127631314999,0.09573326849981686,0.053899532271520965,4
2452,-0.8386226894303036,-0.49361487720779607,-0.20357572044848452,-0.33834466061996654,1
2453,1.8217804045343473,-0.35909833882755954,-0.14328601002958496,-0.020391582426016668,4
2454,-0.5265519452702272,-0.15732353125720477,-0.1783303619252336,-0.22344879805406848,1
2455,1.7905733301183397,-0.15732353125720477,-0.13792909738481932,-0.19499453100953873,4
2456,-0.3081024243581738,-0.42635660801767783,-0.1835237483648116,-0.11388339470350708,1
2457,0.6437133453300591,-0.35909833882755954,-0.23967384435868144,-0.052260982128658394,1
2458,-0.3549130359821852,-0.22458180044732304,-0.21207222187886315,-0.1844620778760142,1
2459,-0.7528032347862826,1.1878418525451604,0.13326539144012076,-0.2973655886294871,0
2460,-0.09745467205012225,-0.42635660801767783,-0.2220896313714765,-0.17568676230136734,1
2461,1.8217804045343473,-0.49361487720779607,-0.2235790920865597,-0.18493509286355767,1
2462,0.6749204197460668,-0.35909833882755954,-0.22190609321810156,-0.02418188911179729,1
2463,-0.8620279952423093,-0.22458180044732304,-0.22790796236444644,-0.3495993878977915,1
2464,1.338070751086229,-0.35909833882755954,-0.15711769684669738,-0.15665914155743796,1
2465,-0.08185113484211842,-0.49361487720779607,-0.23816322815551452,-0.17834912073475898,1
2466,-0.7528032347862826,1.4568749293056333,0.9947037155002015,-0.019819915175929806,3
2467,-0.33930949877418143,-0.15732353125720477,-0.09684228067650305,-0.12345507427591931,4
2468,-0.8074156150142959,1.3223583909253969,0.37826023769824985,-0.12430843083338368,2
2469,-0.4485342592302081,0.4480008914538595,-0.06484660614470229,-0.18155514078623167,0
2470,0.06638246863391785,-0.42635660801767783,-0.11255280354342863,-0.1137570028237672,1
2471,-0.44073249062620623,-0.49361487720779607,-0.21868988725942862,-0.06473079016478922,1
2472,1.5565202719982825,-0.2918400696374413,-0.20779138027662597,-0.3102070928550808,0
2473,1.3302689824822271,-0.22458180044732304,-0.1925068260211157,-0.34079793658335755,4
2474,-0.02723875461410506,-0.35909833882755954,-0.22041148657348447,-0.183114335708731,1
2475,0.9479823208861335,-0.42635660801767783,-0.1646204621070896,-0.09657033756368905,4
2476,-0.7918120778062921,-0.35909833882755954,-0.18444772860111658,0.046209355935209036,1
2477,1.4707008173542615,-0.42635660801767783,-0.19603121598187306,-0.19472870765586164,1
2478,-0.3159041929621757,-0.22458180044732304,-0.20588052510971308,-0.230916100145869,4
2479,-0.7528032347862826,-0.2918400696374413,-0.06092312076009541,-0.07452511189802306,1
2480,-0.713794391766273,-0.42635660801767783,-0.20867933900619381,-0.3478280320731676,1
2481,-0.6123713999142483,-0.42635660801767783,-0.22993031267125996,-0.2692558096099097,1
2482,-0.7996138464102941,-0.5608731463979143,-0.23208931599569538,-0.10072961597168639,1
2483,1.6189344208302978,-0.49361487720779607,-0.17253204288045093,-0.16408313035616942,1
2484,3.070063381174653,-0.49361487720779607,-0.24787988665537014,-0.15737915054452487,1
2485,-0.01943698601010315,-0.42635660801767783,-0.24320223670907623,-0.1334142586529989,1
2486,-0.9088386068663208,0.3807426222637413,0.12540584173204639,-0.1343892905811633,2
2487,-0.7918120778062921,1.2551001217352786,0.39519091763465247,0.014105743643816308,0
2488,0.42526382441800564,-0.09006526206708652,-0.10371266837417667,-0.2016243514836463,0
2489,-0.713794391766273,-0.42635660801767783,-0.1949551449393446,-0.20851880839174497,1
2490,0.18340899769394647,-0.2918400696374413,-0.1399268615838599,-0.06709913859110533,0
2491,-0.5265519452702272,0.582517429834096,-0.13591703893707352,-0.28874772411686656,2
2492,-0.7450014661822807,-0.2918400696374413,-0.11298391808437787,0.026339721724556196,1
2493,1.2756566022542137,-0.49361487720779607,-0.21580759495050944,0.1278480620394419,1
2494,-0.24568827552615852,-0.15732353125720477,-0.13399875076083395,-0.14609415989454322,4
2495,-0.45633602783421007,-0.15732353125720477,-0.13104155658869945,-0.10126784266785566,4
2496,-0.01943698601010315,-0.35909833882755954,-0.20955071640726358,-0.028420744267622665,1
2497,-0.4173271848142005,-0.09006526206708652,0.0064988479927572404,-0.005682902366742771,0
2498,-0.893235069658317,0.8515505065945691,0.021864593580913135,-0.1489298929552723,2
2499,2.3366971323984735,0.04445127631314999,-0.1668080539289354,-0.35111682489014695,0
2500,-0.9010368382623188,-0.42635660801767783,-0.1604939983908687,-0.17013937770171889,1
2501,-0.9010368382623188,0.04445127631314999,-0.07815112106956643,0.08143266371490727,4
2502,1.7281591812863244,-0.42635660801767783,-0.20572386014390395,-0.35876946884273614,1
2503,-0.713794391766273,-0.022806992876968267,-0.07036475791486273,-0.3027419217013945,4
2504,-0.635776705726254,0.11170954550326825,0.46975772366031887,-0.13348385545823088,0
2505,1.501907891770269,-0.49361487720779607,-0.22125541901704027,-0.3417441765239302,1
2506,-0.03504052321810697,-0.42635660801767783,-0.23347757342994566,-0.18821207098902867,1
2507,-0.9166403754703227,-0.022806992876968267,-0.09820823908277321,-0.1645759893470035,1
2508,-0.9088386068663208,0.9860670449748056,0.3212822188193742,0.1949126572014403,0
2509,-0.2846971185461681,-0.35909833882755954,-0.14470514304103854,-0.3634232142722262,1
2510,1.7983750987223417,-0.42635660801767783,-0.22287867390000426,-0.3134951715313533,4
2511,-0.12085997786212797,-0.22458180044732304,0.10677414619972346,-0.1335639634620822,4
2512,-0.9166403754703227,1.2551001217352786,0.1975414819379301,-0.2552534516816866,0
2513,-0.7918120778062921,1.1205835833550422,0.04941761561513364,-0.1535078149699064,0
2514,-0.5889660941022425,-0.35909833882755954,-0.17827375670036094,-0.008014953061995317,1
2515,-0.7918120778062921,-0.5608731463979143,-0.2511166763321786,-0.36142889083277435,1
2516,-0.40172364760619667,0.04445127631314999,-0.11707893445344732,-0.2503565134248539,4
2517,-0.8854333010543151,-0.42635660801767783,-0.21218657586850487,0.019551827097244765,1
2518,0.8855681720541183,-0.2918400696374413,-0.13546762775778165,-0.14921433865790784,4
2519,1.1430265359861813,-0.42635660801767783,-0.20248478338730266,-0.1389390319401784,1
2520,-0.7293979289742769,1.860424544446343,0.050473674709474795,0.022901847665465987,3
2521,-0.23008473831815468,-0.35909833882755954,-0.21779449552053406,-0.3264268583155292,4
2522,-0.19107589529814514,-0.35909833882755954,-0.22493132801407287,-0.1448125819930765,1
2523,-0.8620279952423093,-0.42635660801767783,-0.22027483355586264,-0.20709294020118443,1
2524,0.6671186511420648,-0.42635660801767783,-0.21419634723645783,-0.23070910566275868,1
2525,-0.893235069658317,1.9949410828265794,1.7366232519764102,0.2519807671360264,3
2526,-0.44073249062620623,0.04445127631314999,-0.04196094219770792,-0.18977853350536647,2
2527,-0.8308209208263017,0.04445127631314999,-0.044459005101430964,-0.22748626991957469,1
2528,-0.24568827552615852,-0.35909833882755954,-0.09191705434263482,0.12967756288600926,4
2529,0.019571857009906393,-0.42635660801767783,-0.23101095787337408,-0.24422736492464792,4
2530,-0.6123713999142483,-0.49361487720779607,-0.2290652247396205,-0.17609559265311484,1
2531,1.5643220406022844,-0.22458180044732304,-0.2362437964393785,0.24162418431385624,0
2532,-0.7450014661822807,-0.42635660801767783,-0.23669315044167558,-0.17338209075104957,1
2533,1.4472955115422557,-0.49361487720779607,-0.22470890950421976,-0.3670427743623499,1
2534,-0.5577590196862349,-0.49361487720779607,-0.20569069748690783,0.11724766460151091,1
2535,-0.03504052321810697,-0.49361487720779607,-0.2246523042793471,-0.19159886118034508,1
2536,-0.5343537138742291,-0.15732353125720477,-0.1366328949122306,-0.2519120731459608,1
2537,-0.7684067719942864,0.04445127631314999,-0.0708519059107364,-0.2144250888522667,4
2538,0.35504790698198846,-0.5608731463979143,-0.23269024621126252,-0.36304444864445723,1
2539,0.6905239569540705,-0.2918400696374413,-0.22120796211133897,-0.334183664032842,1
2540,-0.4251289534182024,0.24622608388350475,-0.0060789473279338315,-0.16554826006934628,0
2541,0.23802137792195985,-0.42635660801767783,-0.20824365030565892,0.4309525993690659,4
2542,0.5891009651020458,-0.42635660801767783,-0.2278645078483826,-0.256333269870526,1
2543,0.994792932510145,-0.35909833882755954,-0.21921763092162508,-0.3011108107721311,0
2544,-0.7293979289742769,-0.35909833882755954,-0.17692781024227808,-0.34297978295009834,4
2545,-0.8698297638463113,-0.22458180044732304,-0.19128952780137976,0.5180261937307078,1
2546,-0.6903890859542673,-0.42635660801767783,-0.24711886085430462,0.1310879954256433,1
2547,0.16000369188194075,-0.15732353125720477,-0.14530950387629493,-0.17640272391238784,1
2548,-0.7528032347862826,-0.42635660801767783,-0.18049050878956538,-0.08611614376012956,1
2549,-0.8308209208263017,-0.35909833882755954,-0.16801334497975898,-0.13817655390147277,1
2550,-0.8854333010543151,0.582517429834096,0.1110835762993711,4.585919479957281,0
2551,1.7047538754743188,-0.2918400696374413,-0.0651490724473046,-0.30629760068222506,1
2552,-0.1520670522781356,-0.2918400696374413,-0.20697775164032522,-0.36936460789125075,4
2553,-0.01943698601010315,-0.42635660801767783,-0.21664638146453136,0.011127384921157725,1
2554,-0.6981908545582692,-0.49361487720779607,-0.18101425006212438,-0.021558473662085707,1
2555,1.3848813627102405,-0.42635660801767783,-0.23521575407249956,-0.23396241760335765,1
2556,-0.9166403754703227,-0.09006526206708652,-0.0629832078834907,-0.10631059754841388,0
2557,-0.47193956504221385,-0.22458180044732304,-0.011406699705340868,0.7920067144724019,4
2558,0.9791893953021412,-0.22458180044732304,-0.19157026684595013,-0.31312632358024545,1
2559,2.1494546859024277,-0.35909833882755954,-0.2247203449031839,-0.20290476236955438,1
2560,-0.16767058948613942,-0.2918400696374413,-0.1664444082418748,-0.2038974248870069,0
2561,1.0494053127381584,-0.2918400696374413,-0.20813272693570645,-0.28265109415443496,4
2562,1.8919963219703646,-0.42635660801767783,-0.21817586607598916,-0.04777096455437423,4
2563,1.8217804045343473,-0.42635660801767783,-0.1451322551923503,0.7504598763775505,4
2564,-0.5577590196862349,-0.42635660801767783,-0.23540043576577094,-0.03294228591903901,1
2565,-0.37051657319018905,-0.42635660801767783,-0.19589227588445837,-0.1350914219723213,1
2566,1.938806933594376,-0.42635660801767783,-0.1803372744434455,-0.1720188495488426,4
2567,-0.5031466394582215,-0.09006526206708652,-0.07090336520607517,-0.08216547956412693,0
2568,-0.5265519452702272,0.31348435307362305,0.01357793172152699,-0.11998868853205727,4
2569,1.7281591812863244,-0.5608731463979143,-0.2188356885962218,-0.17402880822361577,1
2570,-0.8854333010543151,2.398490697967289,0.6312467125224895,-0.10877607454887403,3
2571,-0.7762085405982884,-0.35909833882755954,-0.19331416518798614,-0.24348357454913813,1
2572,-0.627974937122252,-0.22458180044732304,-0.17233249516852617,-0.18515910047397985,4
2573,0.3004355267539751,-0.49361487720779607,-0.21925479596825867,-0.17062362495168903,1
2574,-0.17547235809014133,-0.42635660801767783,-0.23145236427339108,-0.2764828103423283,1
2575,-0.9166403754703227,1.9276828136364612,11.952655332738313,8.18239973940612,3
2576,1.4941061231662671,-0.49361487720779607,-0.25249349836746476,-0.08583062159924215,1
2577,-0.7840103092022902,-0.22458180044732304,-0.03023965825943319,-0.16265932391816776,1
2578,-0.7996138464102941,0.24622608388350475,-0.11950381080379965,-0.17442500809498726,4
2579,0.5422903534780343,-0.2918400696374413,-0.04118676568783358,-0.2819349759977164,0
2580,0.027373625613908305,-0.42635660801767783,-0.24021874111932415,-0.2172020744171815,4
2581,-0.6435784743302558,0.4480008914538595,0.15417559021605468,-0.18420281655022389,0
2582,-0.8074156150142959,0.17896781469338652,0.27207969946618604,-0.14065191671901034,1
2583,-0.8464244580343055,0.7842922374044509,0.14032560676059957,0.012622250831565228,0
2584,-0.9088386068663208,-0.022806992876968267,-0.13923387640663118,-0.15945733524130398,1
2585,-0.721596160370275,-0.15732353125720477,-0.1327408568747752,-0.06314437474714239,4
2586,-0.6981908545582692,0.17896781469338652,-0.1398388090118358,-0.3595116866668713,0
2587,-0.7996138464102941,-0.22458180044732304,-0.07495321174923614,0.16138914757470066,4
2588,-0.8776315324503131,5.425112811522611,2.2550208769534503,0.43214325425128153,3
2589,2.1572564545064297,-0.2918400696374413,-0.1284291396953347,-0.23823105812088954,0
2590,0.24582314652596177,-0.42635660801767783,-0.24640414841904396,-0.18510550356105673,4
2591,1.3224672138782252,-0.09006526206708652,-0.18027552328903898,-0.3487016149140258,4
2592,-0.7684067719942864,-0.5608731463979143,-0.24608681609778824,-0.3459700694506129,1
2593,2.040229925446401,-0.42635660801767783,-0.2056998458060792,0.18974413209891028,1
2594,1.3926831313142423,-0.49361487720779607,-0.22291755425648244,-0.1808274850092566,1
2595,1.946608702198378,-0.42635660801767783,-0.21802720588945496,-0.14349745214986678,1
2596,1.7983750987223417,-0.42635660801767783,-0.20831969570877065,-0.24387685238074913,4
2597,-0.9088386068663208,-0.15732353125720477,-0.16827864623572775,0.0819597747442767,0
2598,-0.8074156150142959,-0.022806992876968267,-0.11657120273943813,-0.34057923006130447,4
2599,1.6579432638503073,-0.09006526206708652,-0.15979129312452042,-0.18471276852983146,4
2600,-0.8542262266383074,7.77915223317675,25.554940041850166,1.4593672293409472,3
2601,-0.7996138464102941,1.2551001217352786,0.16790035605285206,-0.1656662582661343,0
2602,-0.7762085405982884,0.7842922374044509,0.28478614302522404,0.2198799568241154,0
2603,-0.7996138464102941,-0.5608731463979143,-0.24905144327924944,-0.29298689753415474,1
2604,-0.8230191522222998,0.04445127631314999,0.02826956054074499,-0.28556702779189164,0
2605,-0.2378865069221566,-0.49361487720779607,-0.23081312547129393,-0.10096275195062662,1
2606,-0.5109484080622234,-0.49361487720779607,-0.18918770147176522,-0.14043609230441237,1
2607,-0.7371996975782787,0.31348435307362305,-0.0151672306547083,-0.18910009823732685,2
2608,0.05077893142591403,0.11170954550326825,-0.08876831723785049,-0.32561933912904234,0
2609,-0.7762085405982884,-0.2918400696374413,-0.14392296175188926,-0.1433331375587338,1
2610,-0.8620279952423093,0.4480008914538595,0.24290113546920872,0.009745113689414029,0
2611,-0.2378865069221566,-0.2918400696374413,-0.20492738460604945,-0.2563748074780415,1
2612,-0.3081024243581738,0.17896781469338652,-0.03903462360277671,-0.159576358116669,2
2613,1.9310051649903741,-0.5608731463979143,-0.25248892420787905,-0.32527185247692425,1
2614,-0.7684067719942864,-0.35909833882755954,-0.1571211274663866,0.7787252293011275,1
2615,-0.6123713999142483,0.17896781469338652,-0.05375769976914618,-0.18425007981591107,0
2616,0.8699646348461145,-0.22458180044732304,-0.1581886219596919,-0.15933267897586928,4
2617,0.8933699406581201,-0.35909833882755954,-0.11118055566772819,0.031731063868736566,4
2618,-0.627974937122252,-0.42635660801767783,-0.17339713081209043,-0.3590847871464261,1
2619,-0.3471112673781833,0.31348435307362305,0.02145577806794401,-0.13400057138459492,4
2620,-0.47193956504221385,-0.2918400696374413,0.014744342415872358,0.22000748590115746,4
2621,-0.9010368382623188,0.4480008914538595,0.006498276222809071,-0.1563605561024526,0
2622,1.4941061231662671,-0.022806992876968267,-0.18538142892654108,-0.35497466904577735,0
2623,-0.8386226894303036,-0.2918400696374413,-0.19245536672577696,-0.2161613988721048,1
2624,-0.5889660941022425,0.24622608388350475,-0.03760348342241076,-0.261247922275784,0
2625,-0.8542262266383074,-0.42635660801767783,-0.20595885759261764,-0.07552787484627621,4
2626,0.394056750001998,-0.09006526206708652,0.10875075491068031,-0.10878220450377696,4
2627,-0.9166403754703227,1.3223583909253969,0.13370279545050032,-0.3529594442711653,2
2628,-0.6903890859542673,1.1878418525451604,0.3712823572503131,-0.2447215812496517,2
2629,-0.7528032347862826,-0.2918400696374413,0.10609888589088917,2.0518638884333047,1
2630,-0.8542262266383074,2.5330072363475256,1.0513409594899452,-0.20046275537988614,3
2631,-0.19887766390214706,-0.42635660801767783,-0.21230664755762865,-0.14905484616972076,1
2632,-0.7762085405982884,-0.22458180044732304,-0.15902111900428356,-0.17145932563770694,1
2633,-0.3549130359821852,-0.022806992876968267,0.03541096719386948,0.07931112893581053,0
2634,-0.4797413336462158,0.8515505065945691,0.21046462630733923,-0.10342433300833931,2
2635,0.17560722908994458,-0.09006526206708652,-0.1579719211493209,-0.3140544470869243,0
2636,1.2756566022542137,-0.35909833882755954,-0.19101164760655043,-0.1989247460613737,4
2637,-0.6825873173502655,-0.22458180044732304,0.6479275289915251,0.060073638916821305,2
2638,-0.011635217406101241,-0.22458180044732304,-0.11870390464625594,-0.3323025512975837,4
2639,-0.8464244580343055,-0.09006526206708652,-0.1490620300463875,-0.31998165788596594,1
2640,1.9310051649903741,-0.35909833882755954,-0.09604237451895932,0.1798192552674708,1
2641,1.3926831313142423,-0.22458180044732304,0.11407050250881241,0.06498605779385531,1
2642,1.4941061231662671,-0.35909833882755954,-0.19900327617266095,-0.267320721041325,1
2643,-0.11305820925812606,-0.22458180044732304,-0.12677386569527102,-0.2125076324744823,4
2644,-0.8386226894303036,-0.49361487720779607,-0.2154622459017915,-0.19180049934834675,1
2645,1.416088437126248,-0.42635660801767783,-0.21336499373176265,-0.3525572940038459,1
2646,-0.003833448802099333,-0.15732353125720477,-0.19651035919847182,-0.35629603978710334,1
2647,-0.9088386068663208,0.582517429834096,0.15148426906983717,-0.0835625363634804,2
2648,-0.3939218790021948,0.17896781469338652,-0.16087365363647915,-0.2668966487208186,2
2649,-0.7762085405982884,0.582517429834096,0.11491786557205748,-0.13700486937400422,0
2650,1.4472955115422557,-0.49361487720779607,-0.21584247291735018,-0.3365000497161726,1
2651,0.7451363371820839,-0.42635660801767783,-0.19047647093502726,-0.14538983660810126,1
2652,1.0494053127381584,-0.09006526206708652,-0.19795636539749117,-0.3518714978896008,4
2653,-0.6591820115382597,-0.35909833882755954,-0.21482586594943542,-0.30739051735815726,1
2654,1.509709660374271,-0.42635660801767783,-0.2268570491996392,0.03952833945233789,1
2655,-0.9010368382623188,1.9276828136364612,0.20890083549898888,-0.27747276073581284,0
2656,0.6125062709140515,-0.49361487720779607,-0.2440799035795763,-0.14758319810547546,1
2657,2.1572564545064297,-0.35909833882755954,-0.1423363001456106,-0.19641965731635505,1
2658,1.431691974334252,-0.5608731463979143,-0.22594621967214298,0.005090585962252451,1
2659,-0.6123713999142483,0.4480008914538595,0.38619240218974665,3.601246233948397,2
2660,-0.8230191522222998,-0.2918400696374413,0.09748974578071345,-0.23445016210010197,4
2661,0.08198600584192167,0.582517429834096,0.05532977405660463,-0.14944513097754034,2
2662,-0.8464244580343055,0.17896781469338652,-0.0784318601141368,-0.16298165074040796,4
2663,-0.46413779643821196,0.4480008914538595,0.24148657661734085,0.9987876866201882,0
2664,-0.8542262266383074,2.7347820439178805,0.46769191883744143,-0.3360752920458155,0
2665,-0.8386226894303036,0.11170954550326825,0.008793932564866273,-0.13747767756313464,4
2666,1.1040176929661718,-0.42635660801767783,-0.06301465523064217,-0.04122817325153878,1
2667,0.7451363371820839,-0.22458180044732304,-0.15805883018144862,-0.1666923436784507,4
2668,-0.6903890859542673,-0.35909833882755954,-0.17570422255311183,-0.3241096571752027,4
2669,0.8543610976381106,0.17896781469338652,-0.04834704074924892,0.043899815507819906,0
2670,1.8763927847623607,-0.35909833882755954,-0.19869051801099089,-0.3412171100876813,1
2671,-0.20667943250614895,0.04445127631314999,-0.2113546505938615,-0.37396634202285545,4
2672,-0.5265519452702272,-0.15732353125720477,-0.1100072837340043,-0.310001893764081,1
2673,-0.7528032347862826,1.5241331984957516,0.21712460266407207,-0.09640535650059243,0
2674,-0.40172364760619667,-0.5608731463979143,-0.2528600029042664,-0.269973581138469,1
2675,1.1430265359861813,-0.49361487720779607,-0.24437093448321442,-0.30248155182013947,1
2676,-0.08965290344612033,0.582517429834096,0.02490984032507169,0.09333356804571127,3
2677,-0.9166403754703227,-0.5608731463979143,-0.24312161714637884,-0.3406529127568971,1
2678,-0.6201731685182501,-0.2918400696374413,-0.19114372646458658,-0.27716313164146084,1
2679,1.345872519690231,-0.35909833882755954,-0.22927620785050942,-0.09854574478867958,4
2680,0.3706514441899923,-0.09006526206708652,-0.13738877478376227,-0.2502180619839904,2
2681,-0.721596160370275,0.17896781469338652,0.007365079464293185,-0.1625920484544049,4
2682,-0.8464244580343055,-0.35909833882755954,-0.14536896795090862,-0.1844135915313695,1
2683,-0.1364635150701318,-0.49361487720779607,-0.08106371718574064,0.9877363874943939,1
2684,-0.6045696313102463,-0.022806992876968267,-0.19812961169179832,-0.05464444960751848,4
2685,-0.7684067719942864,-0.22458180044732304,-0.2018895708712176,-0.3081394112017113,1
2686,0.12879661746593313,-0.22458180044732304,-0.16124930649245217,-0.1476724270401382,4
2687,0.4642726674380152,-0.2918400696374413,-0.2285975169219859,-0.3650514812484501,0
2688,-0.7684067719942864,-0.35909833882755954,-0.21447994513076926,-0.33169054943925474,1
2689,0.05858070002991594,-0.22458180044732304,-0.20755123689837837,-0.18953618169603312,1
2690,-0.6591820115382597,0.24622608388350475,-0.07555299842490688,-0.26215075593241316,4
2691,-0.6123713999142483,-0.35909833882755954,-0.18212862969118282,-0.17443250002098773,1
2692,-0.5187501766662254,0.5152591606439778,-0.11767185988973955,-0.2206149722679359,0
2693,-0.8776315324503131,-0.22458180044732304,-0.10979915947285639,-0.06722309208654816,1
2694,-0.6201731685182501,-0.2918400696374413,-0.18314352134925294,-0.23637477912292632,1
2695,1.5643220406022844,-0.42635660801767783,-0.22926991838107913,-0.3267643083748614,0
2696,-0.8386226894303036,0.17896781469338652,0.4977281377567315,1.6957651091128727,1
2697,-0.893235069658317,-0.22458180044732304,-0.15099289716148767,-0.24916284037317948,1
2698,-0.30030065575417186,0.04445127631314999,-0.011018467910507283,-0.13132437746110498,2
2699,-0.9166403754703227,-0.022806992876968267,-0.0458907170517451,0.07549421827271593,2
2700,1.6501414952463054,-0.42635660801767783,-0.06487748172190555,11.437001697005773,2
2701,1.4082866685222462,-0.35909833882755954,-0.20258713020803198,-0.354523638321177,0
2702,0.21461607210995412,-0.15732353125720477,-0.07088907095736996,-0.2668967747667283,4
2703,-0.721596160370275,-0.022806992876968267,-0.05112527092759414,-0.19922200546645713,2
2704,-0.5343537138742291,-0.42635660801767783,-0.2308617259168917,-0.1145434927942649,1
2705,0.7763434115980916,-0.42635660801767783,-0.09569073600081107,-0.0647205293119547,1
2706,1.0572070813421603,-0.42635660801767783,-0.236705786557531,-0.19209589238138408,1
2707,-0.7684067719942864,0.11170954550326825,-0.017229033087948258,-0.272402758811233,0
2708,-0.3471112673781833,-0.35909833882755954,-0.231164192219494,-0.3301212033225718,4
2709,-0.44073249062620623,-0.42635660801767783,-0.2067547613605239,-0.2717050755469866,1
2710,-0.9166403754703227,0.04445127631314999,-0.10848008620233934,-0.042911224311945655,1
2711,-0.8464244580343055,1.1878418525451604,0.635747113784839,1.2546408712435144,0
2712,-0.1442652836741337,-0.35909833882755954,-0.21658463031012484,-0.33110456114378534,1
2713,-0.6747855487462635,0.31348435307362305,0.42922952619140226,0.07622292436948866,0
2714,-0.8308209208263017,-0.22458180044732304,-0.14005036389267295,-0.1737694365697088,1
2715,-0.893235069658317,5.895920695853438,0.5076163272410499,0.12412211857883315,3
2716,-0.8620279952423093,0.11170954550326825,-0.10675677157843882,0.23867768619010285,0
2717,-0.635776705726254,1.4568749293056333,0.36928973898080636,-0.25145598817434506,2
2718,-0.03504052321810697,-0.15732353125720477,-0.02745799746139872,-0.1883445472528536,4
2719,-0.09745467205012225,-0.35909833882755954,-0.2065792279864239,0.5201766989663595,4
2720,-0.04284229182210888,0.17896781469338652,-0.1310461307482851,0.05330520889468435,4
2721,-0.7293979289742769,0.31348435307362305,-0.1258258711211413,-0.12873338323298825,2
2722,1.9856175452183875,-0.42635660801767783,-0.20952898914923165,-0.36010929005710246,1
2723,-0.07404936623811652,-0.2918400696374413,-0.14278399601505787,-0.1458594309340553,4
2724,-0.8854333010543151,0.04445127631314999,-0.16384685736716348,-0.20006454674058471,4
2725,3.085666918382657,-0.35909833882755954,-0.2028621515531203,-0.1606872643471026,4
2726,-0.627974937122252,1.1205835833550422,0.09173316594215003,0.27863317949770244,0
2727,-0.8542262266383074,-0.35909833882755954,-0.12793856107977178,-0.20644462526321605,1
2728,-0.2378865069221566,-0.09006526206708652,-0.15125762664750822,-0.10709798397944795,4
2729,-0.6747855487462635,-0.022806992876968267,-0.0990738987843609,-0.25986330718223194,0
2730,-0.635776705726254,0.17896781469338652,-0.03793625353226813,-0.16311019734260673,0
2731,-0.3081024243581738,-0.49361487720779607,-0.2363907413160681,-0.3287312836126434,1
2732,1.7905733301183397,-0.49361487720779607,-0.24217934027173116,-0.15198672747736988,1
2733,3.0154510009466393,-0.22458180044732304,-0.12785393912743692,-0.21287822717717342,0
2734,-0.01943698601010315,-0.22458180044732304,-0.15858428676385222,-0.19043448490502785,0
2735,-0.5577590196862349,-0.35909833882755954,-0.21491677737120057,-0.1575661771106633,1
2736,2.1494546859024277,-0.2918400696374413,-0.12704145403103265,0.24517513171369906,1
2737,-0.5655607882902368,-0.022806992876968267,0.07988266199558021,0.16971502448535777,2
2738,2.094842305674414,-0.2918400696374413,-0.0982088108527214,-0.15633494124448483,4
2739,-0.26909358133816424,-0.42635660801767783,-0.22948147326191629,-0.3283688710296053,1
2740,0.6125062709140515,-0.2918400696374413,-0.0682028957406863,-0.11446536784966375,1
2741,-0.7762085405982884,-0.15732353125720477,-0.15771062228298963,-0.158139364890547,4
2742,-0.7762085405982884,0.17896781469338652,0.16807588942695212,0.18498444177058188,2
2743,-0.12866174646612988,-0.42635660801767783,-0.2529291870679996,-0.3645828945444301,1
2744,1.4472955115422557,-0.022806992876968267,-0.08305290483555809,-0.2953343064400796,4
2745,-0.4485342592302081,-0.15732353125720477,0.057349208336682285,-0.12671690283450404,1
2746,2.7501908684105745,-0.35909833882755954,-0.2042401171283028,-0.20496616031000298,4
2747,1.431691974334252,-0.42635660801767783,-0.25409331068255214,-0.2165817794782848,4
2748,-0.0662475976341146,-0.35909833882755954,-0.19309346198797767,-0.2883098217273647,1
2749,-0.7684067719942864,-0.35909833882755954,-0.09310061813542647,-0.18846074183913214,1
2750,0.9245770150741278,-0.42635660801767783,-0.23821354391095687,-0.34966393669741547,4
2751,-0.9088386068663208,0.11170954550326825,-0.08269097445834207,-0.31153814815875036,2
2752,0.18340899769394647,-0.15732353125720477,-0.16007317570898721,-0.04042185107231743,1
2753,-0.7918120778062921,-0.5608731463979143,-0.2374456568705128,-0.18097481925813608,1
2754,-0.721596160370275,-0.15732353125720477,-0.13522291021994837,-0.08135328339233144,4
2755,-0.01943698601010315,-0.2918400696374413,-0.20326753644640014,-0.3370626212918772,1
2756,2.8360103230545954,-0.49361487720779607,-0.22565690407834949,-0.33204818374218226,1
2757,0.6749204197460668,-0.22458180044732304,-0.05590012176508351,-0.13017480271056195,0
2758,-0.4485342592302081,-0.2918400696374413,-0.126877927825845,-0.2658475513904099,1
2759,-0.8542262266383074,0.4480008914538595,0.08370437232940593,-0.08682908683676246,0
2760,-0.8386226894303036,-0.022806992876968267,-0.19928801760686882,-0.10554944694474899,2
2761,-0.8776315324503131,0.17896781469338652,0.13672402785683416,-0.19134558993245346,1
2762,-0.6201731685182501,-0.2918400696374413,-0.10865104541685368,-0.1404418983192037,1
2763,-0.7684067719942864,0.17896781469338652,-0.04317423802780642,-0.03350728266377599,2
2764,-0.7371996975782787,0.17896781469338652,-0.11490049095077284,-0.23687366996451342,4
2765,-0.8542262266383074,-0.2918400696374413,-0.038927130852513495,-0.11348761562694525,1
2766,-0.8074156150142959,-0.35909833882755954,-0.18178842657199873,-0.17029042354722945,1
2767,2.6175608021425423,-0.42635660801767783,-0.20922709461657757,-0.3298362475676009,4
2768,3.5225659602067636,-0.22458180044732304,-0.23609856687253356,-0.2768531699800929,4
2769,-0.8386226894303036,0.04445127631314999,-0.10866533966555889,-0.14250227692939377,4
2770,1.42389020573025,-0.35909833882755954,-0.10658581236392449,-0.12814288774369367,1
2771,-0.6435784743302558,0.4480008914538595,0.07449144315392205,-0.168451181493415,2
2772,-0.4797413336462158,-0.022806992876968267,-0.20703492863514608,-0.34135902172091076,4
2773,-0.30030065575417186,-0.42635660801767783,-0.17455953911679836,0.06970893539009114,4
2774,-0.4251289534182024,-0.2918400696374413,-0.20144644916135598,-0.08928474638581342,1
2775,-0.4251289534182024,-0.42635660801767783,-0.23478406776160213,-0.10191721393201314,1
2776,-0.5967678627062444,-0.09006526206708652,-0.11466835235180016,-0.11554448264392392,4
2777,0.6671186511420648,-0.42635660801767783,-0.24919152691656052,-0.18384783711128477,1
2778,-0.8542262266383074,-0.5608731463979143,-0.23327173624859057,-0.16955710529109333,1
2779,0.5656956592900401,-0.35909833882755954,-0.21986315919315252,-0.16186219446675354,1
2780,-0.6981908545582692,-0.49361487720779607,-0.21488075586446345,-0.15122598035186605,1
2781,-0.8308209208263017,-0.22458180044732304,-0.07888413014316974,-0.0961698739047067,1
2782,-0.7684067719942864,0.04445127631314999,0.304517352167952,-0.005369678014156571,1
2783,-0.3549130359821852,0.31348435307362305,0.5453022562974219,1.2968725286435567,0
2784,1.3536742882942328,-0.49361487720779607,-0.14173022400050958,-0.20181285236169683,1
2785,1.9544104708023797,-0.35909833882755954,-0.13505137923548582,0.03882904269342055,0
2786,-0.26909358133816424,-0.35909833882755954,-0.15847221985400334,0.21932523450152724,1
2787,-0.627974937122252,-0.22458180044732304,-0.13728013849360265,-0.005876101099576956,1
2788,-0.9010368382623188,0.3807426222637413,0.07952822180468572,-0.2693305955627825,0
2789,-0.04284229182210888,-0.49361487720779607,-0.23427690781754115,-0.26659434691466066,1
2790,0.7763434115980916,-0.49361487720779607,-0.22929164563911109,-0.26908691297804405,1
2791,0.7217310313700782,-0.2918400696374413,-0.18131500105488207,-0.19173327426926393,0
2792,2.7423890998065725,-0.09006526206708652,-0.16353409920549342,-0.16757323244975986,2
2793,-0.7840103092022902,-0.22458180044732304,-0.15200492996981677,-0.16924443498830055,1
2794,-0.6123713999142483,-0.42635660801767783,-0.2156509299847003,-0.230427648650086,1
2795,-0.8620279952423093,-0.35909833882755954,-0.21747945027907117,-0.37507507254274297,1
2796,2.4147148184384926,-0.42635660801767783,-0.20497770036149182,-0.1904292402576143,1
2797,3.6395924892667924,-0.42635660801767783,-0.22317313542333164,0.1899329394057985,0
2798,-0.3471112673781833,-0.22458180044732304,-0.1515572341003695,-0.1833917736135645,1
2799,-0.8776315324503131,-0.35909833882755954,-0.22471519897365005,-0.3471429172257249,1
2800,-0.08965290344612033,-0.2918400696374413,-0.15160812162576,-0.3027655394346419,4
2801,-0.40172364760619667,-0.22458180044732304,-0.20046128954059267,-0.2617018234594029,1
2802,2.289886520774462,-0.15732353125720477,-0.1524440492900409,-0.08758673933919889,2
2803,1.8295821731383493,-0.22458180044732304,-0.17126557244516907,-0.3237990492624892,0
2804,0.35504790698198846,0.11170954550326825,-0.08802272922538655,-0.1505510046621316,0
2805,-0.7918120778062921,-0.35909833882755954,-0.22399076644926985,-0.3521672078490138,1
2806,-0.46413779643821196,0.04445127631314999,1.9722736619709673,0.9784794546961574,1
2807,-0.26129181273416235,-0.2918400696374413,-0.11088037644491872,0.4694675298194189,1
2808,-0.5811643254982406,-0.09006526206708652,-0.053480391344265056,-0.20433982044541874,4
2809,1.7905733301183397,-0.49361487720779607,-0.06039137470826147,0.9704364525080938,1
2810,-0.8854333010543151,-0.022806992876968267,-0.1776145059500765,-0.20121286469758548,2
2811,-0.7450014661822807,-0.09006526206708652,-0.18619105517320436,0.2527008796512973,4
2812,-0.3861201103981929,0.5152591606439778,0.6676776065425438,-0.14131590449460824,0
2813,2.360102438210479,-0.42635660801767783,-0.22228803554350485,-0.1990780248694682,1
2814,3.8112313985548343,-0.5608731463979143,-0.2445830611339998,-0.21032198915271783,1
2815,-0.37051657319018905,-0.22458180044732304,0.039845614912174754,-0.2905286785013405,4
2816,0.13659838606993502,0.17896781469338652,0.01922187288029333,-0.16868111397767308,0
2817,2.009022851030393,-0.49361487720779607,-0.24513253205422822,-0.3162283137178688,1
2818,-0.8542262266383074,0.31348435307362305,0.09787912111544349,-0.12859242328993467,2
2819,-0.5265519452702272,-0.09006526206708652,-0.14122992529582712,-0.19604688699522782,4
2820,-0.4953448708542196,0.04445127631314999,-0.18234018457201995,-0.3158436129770056,0
2821,-0.8308209208263017,-0.2918400696374413,-0.22330807313110887,-0.3643265378352273,4
2822,0.9635858580941373,-0.022806992876968267,-0.20688626844861188,-0.14388231265809612,1
2823,-0.7293979289742769,-0.2918400696374413,-0.17441945547948726,-0.20631091372664265,1
2824,1.4004848999182442,0.04445127631314999,-0.12047524794580594,-0.2675442099395023,0
2825,0.2692284523379675,-0.15732353125720477,-0.12807464232744542,-0.17906660057301255,4
2826,-0.6669837801422616,-0.2918400696374413,-0.11943405487011823,-0.26579870508762066,4
2827,-0.4953448708542196,0.3807426222637413,0.03907944318157535,-0.037097488948618064,0
2828,0.6359115767260572,-0.49361487720779607,-0.21609233638471728,-0.17533955050521294,1
2829,-0.9010368382623188,0.7842922374044509,0.5390682485521042,-0.11348224574244023,2
2830,-0.7293979289742769,-0.022806992876968267,-0.09933062349110655,0.398731531072638,4
2831,0.5422903534780343,-0.22458180044732304,-0.17896788541748607,-0.18512428671690995,0
2832,1.603330883622294,-0.35909833882755954,-0.23232717229415012,-0.34721824055329703,4
2833,-0.5577590196862349,-0.42635660801767783,-0.21522210252354393,-0.20356666245679167,1
2834,1.673546801058311,-0.35909833882755954,-0.2131866015079216,-0.3125039831192133,1
2835,-0.8074156150142959,0.8515505065945691,0.18806325150647743,-0.02000366732472005,0
2836,2.6097590335385403,-0.022806992876968267,-0.22472720614256242,-0.16657050002973883,0
2837,1.1586300731941852,-0.022806992876968267,-0.16293888668940834,-0.19804736873647275,0
2838,0.17560722908994458,-0.2918400696374413,-0.1974703609415139,-0.27973242118142305,4
2839,-0.9010368382623188,-0.35909833882755954,-0.009438095773658907,-0.13218444494004933,1
2840,1.002594701114147,-0.2918400696374413,-0.16692812561805923,-0.18353818884664333,1
2841,-0.7918120778062921,-0.09006526206708652,-0.18076896075434293,-0.17631081258711634,4
2842,-0.47193956504221385,0.7170339682143325,-0.07004170789412491,-0.22518103287502647,2
2843,0.8621628662421126,-0.22458180044732304,-0.16891445441813563,0.08975807594781683,4
2844,1.517511428978273,-0.2918400696374413,-0.17508156507951275,-0.1769507640626304,1
2845,-0.7996138464102941,-0.22458180044732304,-0.07604529235031443,0.16544193445515784,0
2846,0.23802137792195985,-0.2918400696374413,-0.11928367937373938,0.5629723025950871,4
2847,-0.6981908545582692,0.24622608388350475,-0.008649625015079354,-0.17675435314730445,0
2848,1.6579432638503073,-0.42635660801767783,-0.23565773224246478,-0.30304410435649004,4
2849,-0.9166403754703227,4.281722235290601,2.2777074506044785,3.628844218380299,3
2850,0.48767797325002094,-0.42635660801767783,-0.21612149665207595,-0.22594595941816087,4
2851,1.3614760568982347,-0.35909833882755954,-0.21660521402826036,-0.30738970265564647,0
2852,1.8373839417423512,-0.42635660801767783,-0.04775125646321566,0.3320537631873665,0
2853,0.5188850476660286,-0.42635660801767783,-0.17641207374899398,-0.23299284316182592,1
2854,-0.8308209208263017,-0.35909833882755954,-0.22620008552914758,-0.13703264579656296,1
2855,-0.7840103092022902,0.5152591606439778,0.11764063406542646,0.08820231757109522,0
2856,-0.5343537138742291,-0.09006526206708652,-0.06425368070841003,-0.09378295289992009,1
2857,-0.9010368382623188,-0.09006526206708652,-0.12134491003703111,-0.19319410243973248,2
2858,-0.8464244580343055,-0.35909833882755954,-0.1251689074506497,-0.1462095819589506,1
2859,-0.23008473831815468,-0.42635660801767783,-0.2034219143324164,-0.08515810795375463,1
2860,-0.7918120778062921,0.24622608388350475,-0.1331856938944814,-0.2681451149282793,0
2861,-0.7450014661822807,2.802040313107999,0.3886452952675613,0.6058601520794654,3
2862,-0.6045696313102463,-0.42635660801767783,-0.17637033454277476,-0.14300298458344363,1
2863,-0.7918120778062921,0.4480008914538595,0.5550743764822538,1.116146454375886,0
2864,-0.7996138464102941,-0.42635660801767783,-0.07826890567889737,-0.061806007858688505,1
2865,0.5734974278940419,-0.49361487720779607,-0.2442056929681822,-0.16620877669762552,1
2866,-0.7684067719942864,0.17896781469338652,0.09706377716929812,-0.11847431292403779,0
2867,-0.7840103092022902,0.3807426222637413,-0.050646699480943615,-0.14747558898191218,2
2868,0.23021960931795793,-0.22458180044732304,-0.2061967138910724,0.05583075152362813,1
2869,-0.713794391766273,0.17896781469338652,-0.007459771752857394,-0.15422646577363644,2
2870,-0.04284229182210888,-0.42635660801767783,-0.193195808808707,-0.08175974768356017,1
2871,0.2848319895459713,-0.42635660801767783,-0.19340164599006204,-0.17206627681712514,1
2872,0.9479823208861335,-0.42635660801767783,-0.21070683524254125,-0.29538122560346347,1
2873,-0.5109484080622234,0.24622608388350475,-0.11031489596614047,-0.09856199863509864,4
2874,-0.9166403754703227,-0.22458180044732304,-0.08839723854146316,-0.10841805312389692,4
2875,-0.6981908545582692,-0.15732353125720477,-0.05560051431222225,-0.0500210637345942,1
2876,-0.40172364760619667,0.8515505065945691,0.07718104899029489,-0.17451640000856786,2
2877,1.7593662557023322,-0.35909833882755954,-0.19425872914242664,-0.2063286436318419,4
2878,-0.8464244580343055,-0.22458180044732304,-0.19911991724209546,-0.32371652815461943,1
2879,-0.6981908545582692,-0.09006526206708652,-0.10308943913062937,-0.12163000389865025,1
2880,1.1508283045901833,-0.22458180044732304,-0.0047775989258112194,0.1099718715599032,0
2881,-0.7606050033902845,0.11170954550326825,0.1579458412545417,-0.14977292352318683,2
2882,-0.6201731685182501,0.04445127631314999,-0.06695929610333277,-0.17703811769082028,2
2883,1.4863043545622652,-0.49361487720779607,-0.2357949570300348,-0.3459419845232867,1
2884,0.5344885848740324,-0.22458180044732304,-0.15596272155131616,-0.3450997491030617,1
2885,-0.5265519452702272,0.6497756990242143,0.10393016247733429,-0.19218542792620324,2
2886,-0.3861201103981929,0.11170954550326825,0.021448916828565517,-0.2666246636282012,4
2887,-0.8542262266383074,-0.2918400696374413,-0.10888089693603349,-0.2638856502043315,1
2888,-0.3939218790021948,0.11170954550326825,-0.04925215257726301,-0.16170415682319828,4
2889,-0.7450014661822807,-0.42635660801767783,-0.21432671078464938,0.14577846261692448,1
2890,1.579925577810288,-0.42635660801767783,-0.22893543296137714,-0.3662106481982098,4
2891,-0.893235069658317,-0.42635660801767783,-0.14882017135829528,-0.2843048017926098,1
2892,-0.5499572510822329,-0.15732353125720477,-0.142200218897937,-0.13112946175996246,4
2893,3.483557117186754,-0.15732353125720477,-0.1301587437886655,0.15941664375114864,0
2894,-0.6981908545582692,-0.09006526206708652,-0.13484554205413077,-0.04808088801148151,4
2895,2.438120124250498,-0.35909833882755954,-0.1857313521348447,-0.16660008846248953,0
2896,-0.8854333010543151,-0.49361487720779607,-0.23757659218865257,-0.21555817415022666,1
2897,-0.4173271848142005,-0.2918400696374413,-0.21303679778149096,-0.14059433080923298,1
2898,0.18340899769394647,-0.22458180044732304,-0.1672488885590042,-0.1551490902942965,4
2899,1.0494053127381584,-0.15732353125720477,-0.1680276392284642,-0.22821577104989074,4
2900,-0.6123713999142483,0.17896781469338652,-0.10340276906224764,-0.3021365144038048,0
2901,-0.5577590196862349,0.5152591606439778,0.3384616186832474,-0.2502675204578979,2
2902,-0.7762085405982884,0.04445127631314999,-0.16979383659848032,-0.36236848876516137,2
2903,-0.4251289534182024,-0.15732353125720477,-0.11839800772396439,-0.2112965900092144,1
2904,1.0572070813421603,-0.49361487720779607,-0.23926903123534982,-0.1993725179201669,1
2905,-0.721596160370275,0.8515505065945691,0.01721324505223678,-0.3037284594488331,2
2906,1.3224672138782252,-0.35909833882755954,-0.21605174071839447,-0.20743019248915387,1
2907,2.1416529172984258,-0.22458180044732304,-0.2435338632790372,0.2757773282709659,4
2908,0.23802137792195985,-0.35909833882755954,-0.17318328885146045,-0.23253317565172887,4
2909,-0.5889660941022425,-0.2918400696374413,-0.21332840045507728,-0.19890609064500045,1
2910,-0.7293979289742769,0.04445127631314999,-0.043291450867189156,0.019874770234952575,4
2911,-0.893235069658317,0.31348435307362305,-0.160138357483083,-0.1918256194517496,2
2912,-0.1364635150701318,-0.2918400696374413,-0.1646015936987987,-0.03997771819196044,4
2913,1.8451857103463531,-0.42635660801767783,-0.18829059442302606,-0.17833350142288482,1
2914,1.0260000069261526,-0.09006526206708652,0.21767807597393785,0.5834170243460409,0
2915,-0.33930949877418143,-0.15732353125720477,-0.02162537221972361,-0.041696839173969005,4
2916,0.08978777444592358,-0.35909833882755954,-0.06019697292587057,-0.11362871227126559,1
2917,0.40966028721000186,-0.2918400696374413,-0.16929696851348713,-0.1822629709110845,4
2918,-0.6591820115382597,-0.022806992876968267,-0.088413248100013,-0.3646972533965426,4
2919,-0.8308209208263017,2.2639741595870526,0.914042985366529,-0.09976347516717067,0
2920,-0.9088386068663208,0.8515505065945691,0.18855039950235108,-0.1806959125256811,0
2921,0.8387575604301069,-0.2918400696374413,-0.1954308575362541,-0.2728434085886381,4
2922,-0.18327412669414325,0.11170954550326825,-0.035730365072079655,-0.03689028167038731,4
2923,-0.3081024243581738,0.31348435307362305,-0.03860979853125778,-0.13213436593955644,2
2924,3.46795357997875,-0.2918400696374413,1.6888118489072137,7.078178128638509,3
2925,-0.7762085405982884,-0.022806992876968267,-0.026735852016811376,-0.15882007114510002,4
2926,-0.9166403754703227,-0.09006526206708652,-0.11281467417970815,-0.18997332800573402,4
2927,0.2068143035059522,-0.15732353125720477,-0.1856152828353584,-0.18512010890828437,4
2928,1.5409167347902786,-0.49361487720779607,-0.2294145761779759,0.5304374770133197,1
2929,0.42526382441800564,-0.42635660801767783,-0.22962212866917558,-0.33685767196203664,1
2930,0.1990125349019503,-0.2918400696374413,-0.061442859643016934,-0.03825455650518864,1
2931,-0.5733625568942387,0.17896781469338652,-0.03894771457064899,0.32031550633839556,1
2932,-0.9088386068663208,-0.22458180044732304,-0.1234593153055062,-0.1046411622404337,1
2933,-0.9166403754703227,-0.09006526206708652,-0.08666591913828775,-0.1007114867128658,0
2934,0.7217310313700782,-0.09006526206708652,0.0011739544650912561,-0.14065786596647156,0
2935,1.338070751086229,-0.35909833882755954,-0.1976453225456657,-0.18740419338326075,1
2936,-0.45633602783421007,0.9188087757846873,0.2292884365422602,0.07716379291671137,0
2937,-0.2534900441301604,-0.5608731463979143,-0.24901942416214973,-0.1984330401946315,1
2938,0.35504790698198846,-0.42635660801767783,-0.19532050593624986,1.342724622350887,1
2939,0.1912107662979484,-0.15732353125720477,0.5768210746924167,0.45901069622799573,4
2940,1.0572070813421603,-0.22458180044732304,-0.18878689073807106,-0.16651907251567216,4
2941,1.9232033963863722,-0.35909833882755954,-0.14418197353842774,-0.0909440443175177,4
2942,-0.721596160370275,1.7259080060661065,0.517951640824867,-0.12902336025342762,2
2943,-0.9088386068663208,0.17896781469338652,-0.07111606362680875,-0.35199837947303436,2
2944,-0.01943698601010315,0.11170954550326825,-0.12459542219259656,-0.15155271649123642,1
2945,1.8373839417423512,-0.49361487720779607,-0.24471342468219137,-0.37271601648957314,1
2946,-0.6825873173502655,-0.15732353125720477,-0.09257802040276386,0.1581166921469342,4
2947,-0.7918120778062921,0.3807426222637413,0.017833043676094826,-0.25379768711128436,0
2948,-0.893235069658317,-0.2918400696374413,-0.16501383983145707,-0.13942072856514698,1
2949,0.23802137792195985,-0.15732353125720477,-0.21314257522190952,0.26163010782895496,4
2950,-0.8542262266383074,0.24622608388350475,-0.07064435341953672,-0.3372769941684743,0
2951,-0.5187501766662254,-0.22458180044732304,-0.126181512028927,-0.12948883328780053,1
2952,-0.08965290344612033,-0.022806992876968267,-0.04773467513471759,-0.18799585416526118,4
2953,1.7125556440783207,-0.42635660801767783,-0.21815528235785364,-0.28963055900395107,1
2954,0.5266868162700304,-0.49361487720779607,-0.22678958034575056,-0.21512627469461496,1
2955,-0.08185113484211842,-0.22458180044732304,-0.17447205831472246,-0.28304720942793254,4
2956,-0.627974937122252,0.31348435307362305,0.24684120218231365,-0.22750754427238734,2
2957,1.010396469718149,-0.09006526206708652,-0.19112828867598497,-0.032497802050739676,4
2958,1.4004848999182442,-0.22458180044732304,-0.06859856054484662,-0.04007151278957589,2
2959,-0.3861201103981929,-0.35909833882755954,-0.1775744820537019,1.0218718785000251,1
2960,0.05077893142591403,-0.35909833882755954,-0.14535524547215162,1.3298806556566563,1
2961,1.946608702198378,-0.022806992876968267,1.0378483322521204,7.445929908234077,3
2962,-0.1364635150701318,-0.42635660801767783,-0.23412939117090337,0.29851532231087946,1
2963,-0.8776315324503131,1.860424544446343,0.2136979853644584,-0.24620827442292328,2
2964,2.7423890998065725,-0.2918400696374413,-0.17320101371985494,-0.2802454386912247,0
2965,-0.7293979289742769,0.24622608388350475,0.07252684161187753,-0.15653508505847463,0
2966,0.6125062709140515,-0.49361487720779607,-0.24502332399412036,-0.07106169448265416,1
2967,-0.5655607882902368,-0.15732353125720477,-0.13505366631527865,-0.020134070238010858,4
2968,1.2756566022542137,-0.42635660801767783,-0.22215081075593482,-0.1409100321399289,4
2969,1.4004848999182442,0.04445127631314999,-0.12779390328287504,-0.2923345378967074,2
2970,-0.7684067719942864,0.11170954550326825,-0.10103621324661256,-0.2730271121615329,1
2971,-0.4251289534182024,-0.09006526206708652,0.002981319271378432,0.016227155328544428,4
2972,-0.18327412669414325,-0.49361487720779607,-0.2350087733512481,-0.1762903001883433,1
2973,-0.3939218790021948,-0.42635660801767783,-0.2220290237569664,-0.14790231242353033,1
2974,-0.7450014661822807,-0.42635660801767783,-0.13158588157939397,-0.019504234555201488,1
2975,-0.5889660941022425,0.6497756990242143,0.11354847654609802,-0.1978274334727489,2
2976,2.0636352312584068,-0.42635660801767783,-0.23940625602291984,-0.19143647707367023,1
2977,-0.6201731685182501,-0.09006526206708652,-0.048105753831104936,0.33080964160961057,1
2978,-0.6201731685182501,0.3807426222637413,1.466160628685177,11.532346330104104,3
2979,-0.33930949877418143,1.860424544446343,0.725624775483633,-0.2272204398830758,3
2980,2.5161378102905174,-0.35909833882755954,-0.18182044568909841,0.24313927252667866,4
2981,-0.30030065575417186,-0.15732353125720477,-0.1934119378491298,-0.35799862899935286,1
2982,-0.6201731685182501,0.17896781469338652,0.21948601255017325,-0.17638525953748874,0
2983,1.852987478950355,-0.35909833882755954,-0.20024973465975554,-0.18295609720391043,1
2984,0.5032815104580247,-0.2918400696374413,-0.2294757555624342,-0.33566062673551356,1
2985,-0.20667943250614895,-0.42635660801767783,-0.20478101149930808,-0.10048577645751915,1
2986,-0.7996138464102941,-0.022806992876968267,-0.1257869907646631,0.6383783098333882,0
2987,-0.5889660941022425,-0.49361487720779607,-0.255192252523009,-0.2498464801635372,1
2988,0.5891009651020458,0.582517429834096,0.30682615921881806,0.20109966393740591,0
2989,-0.011635217406101241,-0.35909833882755954,-0.2231239632077857,-0.2175690501496654,0
2990,-0.5343537138742291,-0.09006526206708652,-0.09323441230330726,-0.14841000296851964,4
2991,2.032428156842399,-0.49361487720779607,-0.2432073826386101,-0.37672687846547526,1
2992,-0.893235069658317,11.949164922964082,5.713019084050617,-0.04667187500578398,3
2993,-0.8386226894303036,-0.49361487720779607,-0.20694516075327735,-0.18696133585004907,1
2994,-0.03504052321810697,-0.09006526206708652,-0.1479636599758789,-0.3331839559144679,1
2995,-0.8542262266383074,0.8515505065945691,-0.1771719560101631,-0.26969612739042753,2
2996,2.032428156842399,-0.22458180044732304,-0.18745695383853805,-0.3282446420343992,4
2997,-0.9088386068663208,0.3807426222637413,-0.011819517607947385,-0.18337405987000865,0
2998,-0.3159041929621757,-0.09006526206708652,-0.09136415280271717,-0.05234771573390018,0
2999,-0.627974937122252,0.11170954550326825,-0.007058389249215038,-0.13082649134528776,0
3000,1.603330883622294,-0.2918400696374413,-0.23823184054929952,0.03731684645961975,1
3001,-0.7996138464102941,-0.09006526206708652,-0.21447365566133897,0.014969081082902907,1
3002,-0.26129181273416235,-0.35909833882755954,-0.13352475347376908,-0.14974323327023725,4
3003,0.07418423723791975,-0.022806992876968267,-0.11498625644300413,-0.30951989628560383,2
3004,-0.893235069658317,-0.42635660801767783,-0.22555455725762016,-0.11158558657655088,1
3005,3.296314670690708,-0.35909833882755954,-0.21502770074115302,-0.21053062184023832,0
3006,-0.5577590196862349,-0.2918400696374413,-0.23830788595241126,-0.13034387643665565,1
3007,-0.7293979289742769,0.17896781469338652,-0.11361686741704469,0.49784021822660524,2
